CompanyCode,DateMonth,Pages,Devices,Learners
,2017/09/01,11738,2,0
,2017/10/01,104851,6,0
,2017/11/01,171714,6,0
,2017/12/01,58537,7,0
,2018/01/01,142226,7,0
,2018/02/01,129976,3,0
,2018/03/01,39264,1,0
,2021/02/01,2,1,0
Adm,2017/08/01,72910,1,0
Adm,2017/09/01,78424,2,0
Adm,2017/10/01,236369,2,0
Adm,2017/11/01,223217,2,0
Adm,2017/12/01,39803,2,0
Adm,2018/01/01,237295,2,0
Adm,2018/02/01,175919,2,0
Adm,2018/03/01,157124,2,0
Adm,2018/04/01,149328,2,0
Adm,2018/05/01,6589,2,0
BBB,2020/03/01,81264,2,821
BBB,2020/04/01,614,2,821
BBB,2020/05/01,7319,2,830
BBB,2020/06/01,14738,2,826
BBB,2020/07/01,56258,2,824
BBB,2020/08/01,23189,2,821
BBB,2020/09/01,9155,2,832
BBB,2020/10/01,28330,2,831
BBB,2020/11/01,41173,2,830
BBB,2020/12/01,4940,2,743
BBB,2021/01/01,36024,2,861
BBB,2021/02/01,29808,2,862
BBB,2021/03/01,54858,2,862
CAM,2017/09/01,31627,2,920
CAM,2017/10/01,63006,2,920
CAM,2017/11/01,44476,2,920
CAM,2017/12/01,11187,2,802
CAM,2018/01/01,39270,2,1010
CAM,2018/02/01,80816,2,1018
CAM,2018/03/01,47734,2,1016
CAM,2018/04/01,23763,2,1012
CAM,2018/05/01,43376,2,1007
CAM,2018/06/01,33108,2,1001
CAM,2018/07/01,4366,2,994
CAM,2018/10/01,1131,1,982
CAM,2018/11/01,1144,1,982
CAM,2018/12/01,99,1,836
CAM,2019/01/01,263,1,1002
CAM,2019/03/01,1526,1,995
CAM,2019/04/01,998,1,997
CAM,2019/05/01,1474,1,994
CAM,2019/06/01,173,1,993
CAM,2019/07/01,1274,1,990
CAM,2019/08/01,2035,1,987
CAM,2019/09/01,1092,1,986
CAM,2019/10/01,8168,1,986
CAM,2019/11/01,135,1,984
CAM,2019/12/01,253,1,881
CAM,2020/01/01,120,1,991
CAM,2020/02/01,962,1,995
CAM,2020/03/01,515,1,994
CAM,2020/05/01,726,1,995
CAM,2020/06/01,597,1,970
CAM,2020/07/01,2062,1,971
CAM,2020/08/01,7951,1,964
CAM,2020/09/01,1103,1,966
CAM,2020/10/01,1296,1,970
CAM,2020/11/01,449,1,971
CAM,2020/12/01,319,1,862
CAM,2021/01/01,20431,2,1133
CAM,2021/02/01,53375,2,1151
CAM,2021/03/01,41703,2,1153
CAR,2017/08/01,1806,1,1818
CAR,2017/09/01,11930,1,1809
CAR,2017/10/01,5553,1,1818
CAR,2017/11/01,7161,1,1812
CAR,2017/12/01,2784,1,1576
CAR,2018/01/01,9593,1,1789
CAR,2018/02/01,8477,1,1794
CAR,2018/03/01,4743,1,1780
CAR,2018/04/01,3029,1,1779
CAR,2018/05/01,5715,1,1778
CAR,2018/06/01,3222,1,1766
CAR,2018/07/01,3254,1,1772
CAR,2018/08/01,6613,1,1758
CAR,2018/09/01,4056,1,1753
CAR,2018/10/01,6594,1,1753
CAR,2018/11/01,6816,1,1755
CAR,2018/12/01,2794,1,1508
CAR,2019/01/01,8724,1,1709
CAR,2019/02/01,9189,1,1709
CAR,2019/03/01,18999,1,1685
CAR,2019/04/01,4314,1,1696
CAR,2019/05/01,6807,1,1687
CAR,2019/06/01,7292,1,1686
CAR,2019/07/01,6399,1,1695
CAR,2019/08/01,13138,1,1692
CAR,2019/09/01,1892,1,1686
CAR,2019/10/01,4564,1,1688
CAR,2019/11/01,7432,1,1688
CAR,2019/12/01,640,1,1433
CAR,2020/01/01,7807,1,1648
CAR,2020/02/01,20100,1,1646
CAR,2020/03/01,940,1,1647
CAR,2020/05/01,528,1,1641
CAR,2020/06/01,934,1,1626
CAR,2020/07/01,778,1,1619
CAR,2020/08/01,1002,1,1613
CAR,2020/09/01,1325,1,1619
CAR,2020/10/01,3889,1,1642
CAR,2020/11/01,1647,1,1646
CAR,2020/12/01,1863,1,1392
CAR,2021/01/01,6817,1,1591
CAR,2021/02/01,13232,1,1614
CAR,2021/03/01,819,1,1616
Cas,2018/01/01,9082,1,0
Cas,2018/02/01,4666,1,0
Cas,2018/03/01,2517,1,0
Cas,2018/04/01,77,1,0
CAS,2019/10/01,2034,1,0
CAS,2019/11/01,7260,1,0
CAS,2019/12/01,2562,1,0
CAS,2020/01/01,4715,1,0
CAS,2020/02/01,3671,1,0
CAS,2020/03/01,3869,1,0
CAS,2020/06/01,430,1,0
CAS,2020/07/01,3849,1,0
CAS,2020/08/01,4165,1,0
CAS,2020/09/01,3752,1,0
CAS,2020/10/01,4207,1,0
CAS,2020/11/01,5159,1,0
CAS,2020/12/01,4278,1,0
CAS,2021/01/01,6608,1,0
CAS,2021/02/01,1488,1,0
CBB,2017/12/01,10607,1,553
CBB,2018/01/01,18366,1,724
CBB,2018/02/01,35311,1,768
CBB,2018/03/01,25866,1,768
CBB,2018/04/01,27439,1,775
CBB,2018/05/01,36908,1,776
CBB,2018/06/01,12375,1,775
CBB,2018/07/01,32164,1,775
CBB,2018/08/01,25387,1,776
CBB,2018/09/01,27174,1,781
CBB,2018/10/01,60756,3,782
CBB,2018/11/01,76658,3,781
CBB,2018/12/01,29992,3,587
CBB,2019/01/01,56398,3,779
CBB,2019/02/01,15834,2,795
CBB,2019/03/01,15488,2,786
CBB,2019/04/01,25071,2,789
CBB,2019/05/01,15899,2,796
CBB,2019/06/01,24033,2,798
CBB,2019/07/01,19884,2,799
CBB,2019/08/01,16159,2,799
CBB,2019/09/01,15066,2,804
CBB,2019/10/01,25193,2,805
CBB,2019/11/01,21637,2,803
CBB,2019/12/01,13456,2,595
CBB,2020/01/01,24813,3,716
CBB,2020/02/01,16987,2,735
CBB,2020/03/01,21067,2,733
CBB,2020/05/01,14240,2,710
CBB,2020/06/01,38350,2,686
CBB,2020/07/01,45990,2,669
CBB,2020/08/01,38014,2,667
CBB,2020/09/01,23513,3,669
CBB,2020/10/01,35663,3,677
CBB,2020/11/01,33527,3,680
CBB,2020/12/01,15885,3,0
CBB,2021/01/01,75778,3,0
CBB,2021/02/01,43942,3,0
CBB,2021/03/01,32254,3,0
CBF,2017/09/01,3423,1,418
CBF,2017/10/01,16580,1,418
CBF,2017/11/01,22086,1,416
CBF,2017/12/01,3144,1,337
CBF,2018/01/01,17435,1,419
CBF,2018/02/01,17908,1,424
CBF,2018/03/01,21599,1,418
CBF,2018/04/01,10134,1,413
CBF,2018/05/01,22746,1,413
CBF,2018/06/01,26458,1,409
CBF,2018/07/01,8554,1,409
CBF,2018/08/01,21325,1,412
CBF,2018/09/01,11524,1,412
CBF,2018/10/01,15201,1,413
CBF,2018/11/01,33456,1,413
CBF,2018/12/01,3047,1,358
CBF,2019/01/01,19501,1,399
CBF,2019/02/01,13987,1,392
CBF,2019/03/01,10245,1,387
CBF,2019/04/01,14636,1,393
CBF,2019/05/01,30089,1,392
CBF,2019/06/01,17322,1,385
CBF,2019/07/01,20729,1,402
CBF,2019/08/01,24579,1,405
CBF,2019/09/01,17010,1,403
CBF,2019/10/01,33340,1,406
CBF,2019/11/01,32512,1,406
CBF,2019/12/01,2263,1,339
CBF,2020/01/01,18831,1,489
CBF,2020/02/01,29014,1,491
CBF,2020/03/01,14105,1,494
CBF,2020/04/01,29,1,491
CBF,2020/05/01,5000,1,493
CBF,2020/06/01,19861,1,494
CBF,2020/07/01,13100,1,498
CBF,2020/08/01,16937,1,500
CBF,2020/09/01,23335,1,502
CBF,2020/10/01,28912,1,507
CBF,2020/11/01,33188,1,507
CBF,2020/12/01,3805,1,466
CBF,2021/01/01,20579,1,598
CBF,2021/02/01,36799,1,629
CBF,2021/03/01,20493,1,634
CBG,2018/11/01,776,1,0
CBG,2018/12/01,4620,1,0
CBG,2019/01/01,3726,1,49
CBG,2019/02/01,4640,1,59
CBG,2019/03/01,3547,1,71
CBG,2019/04/01,4077,1,74
CBG,2019/05/01,5587,1,79
CBG,2019/06/01,2759,1,81
CBG,2019/07/01,4223,1,82
CBG,2019/08/01,4776,1,84
CBG,2019/09/01,2171,1,89
CBG,2019/10/01,3334,1,91
CBG,2019/11/01,4387,1,88
CBG,2019/12/01,4537,1,73
CBG,2020/01/01,6023,1,97
CBG,2020/02/01,5083,1,97
CBG,2020/03/01,3849,1,88
CBG,2020/05/01,2045,1,68
CBG,2020/06/01,2758,1,54
CBG,2020/07/01,2356,1,47
CBG,2020/08/01,2650,1,41
CBG,2020/09/01,3523,1,45
CBG,2020/10/01,4342,1,50
CBG,2020/11/01,5106,1,49
CBG,2020/12/01,4265,1,34
CBG,2021/01/01,8092,1,66
CBG,2021/02/01,8234,1,73
CBG,2021/03/01,3476,1,79
CBL,2017/10/01,12495,2,661
CBL,2017/11/01,40270,2,653
CBL,2017/12/01,13599,2,581
CBL,2018/01/01,27549,2,683
CBL,2018/02/01,38395,2,677
CBL,2018/03/01,27057,2,680
CBL,2018/04/01,18478,2,683
CBL,2018/05/01,25894,2,688
CBL,2018/06/01,30381,2,672
CBL,2018/07/01,21636,2,670
CBL,2018/08/01,25394,2,673
CBL,2018/09/01,18262,2,672
CBL,2018/10/01,33644,2,676
CBL,2018/11/01,36408,2,670
CBL,2018/12/01,17076,2,593
CBL,2019/01/01,35164,2,722
CBL,2019/02/01,41820,2,718
CBL,2019/03/01,20340,2,713
CBL,2019/04/01,36461,2,716
CBL,2019/05/01,36762,2,712
CBL,2019/06/01,19254,2,704
CBL,2019/07/01,34647,2,713
CBL,2019/08/01,32129,2,725
CBL,2019/09/01,18616,2,729
CBL,2019/10/01,37617,2,735
CBL,2019/11/01,41871,2,732
CBL,2019/12/01,13419,2,585
CBL,2020/01/01,34665,2,703
CBL,2020/02/01,34774,2,704
CBL,2020/03/01,25777,2,699
CBL,2020/04/01,1255,2,695
CBL,2020/05/01,8803,2,664
CBL,2020/06/01,48637,5,625
CBL,2020/07/01,84002,3,622
CBL,2020/08/01,77472,3,635
CBL,2020/09/01,76767,3,641
CBL,2020/10/01,101757,3,655
CBL,2020/11/01,110724,3,662
CBL,2020/12/01,66600,3,588
CBL,2021/01/01,98229,4,754
CBL,2021/02/01,117646,4,771
CBL,2021/03/01,81593,4,783
CBV,2017/09/01,12156,2,1265
CBV,2017/10/01,69795,2,1263
CBV,2017/11/01,62792,2,1254
CBV,2017/12/01,33964,3,1033
CBV,2018/01/01,102955,3,1225
CBV,2018/02/01,118457,4,1241
CBV,2018/03/01,112637,4,1225
CBV,2018/04/01,120705,4,1228
CBV,2018/05/01,166449,5,1222
CBV,2018/06/01,112277,5,1204
CBV,2018/07/01,100887,5,1215
CBV,2018/08/01,135351,5,1215
CBV,2018/09/01,92243,6,1211
CBV,2018/10/01,146839,5,1209
CBV,2018/11/01,128684,6,1207
CBV,2018/12/01,54854,5,1034
CBV,2019/01/01,180541,5,1208
CBV,2019/02/01,90154,5,1211
CBV,2019/03/01,41445,5,1218
CBV,2019/04/01,112139,4,1221
CBV,2019/05/01,87542,4,1231
CBV,2019/06/01,37672,3,1222
CBV,2019/07/01,80446,3,1224
CBV,2019/08/01,67234,3,1225
CBV,2019/09/01,73464,3,1229
CBV,2019/10/01,74303,3,1229
CBV,2019/11/01,99593,3,1231
CBV,2019/12/01,13511,3,1090
CBV,2020/01/01,112328,3,1207
CBV,2020/02/01,92145,3,1208
CBV,2020/03/01,79832,3,1204
CBV,2020/04/01,538,1,1202
CBV,2020/05/01,5084,3,1193
CBV,2020/06/01,52908,3,1188
CBV,2020/07/01,64427,3,1197
CBV,2020/08/01,67752,3,1203
CBV,2020/09/01,71976,3,1214
CBV,2020/10/01,82280,3,1220
CBV,2020/11/01,65244,3,1219
CBV,2020/12/01,35834,3,1019
CBV,2021/01/01,106032,3,1208
CBV,2021/02/01,103209,3,1239
CBV,2021/03/01,58732,3,1242
CCB,2017/10/01,3694,1,243
CCB,2017/11/01,10807,1,244
CCB,2017/12/01,4426,1,171
CCB,2018/01/01,9386,1,210
CCB,2018/02/01,7482,1,216
CCB,2018/03/01,7863,1,215
CCB,2018/04/01,8683,1,221
CCB,2018/05/01,9180,1,234
CCB,2018/06/01,8872,1,235
CCB,2018/07/01,8907,1,233
CCB,2018/08/01,9964,1,239
CCB,2018/09/01,8334,1,241
CCB,2018/10/01,12038,1,247
CCB,2018/11/01,13512,1,242
CCB,2018/12/01,6516,1,190
CCB,2019/01/01,10666,1,213
CCB,2019/02/01,9168,1,221
CCB,2019/03/01,10484,1,233
CCB,2019/04/01,10468,1,241
CCB,2019/05/01,12247,1,240
CCB,2019/06/01,10973,1,236
CCB,2019/07/01,7967,1,246
CCB,2019/08/01,10712,1,256
CCB,2019/09/01,7934,1,260
CCB,2019/10/01,11085,1,264
CCB,2019/11/01,13435,1,260
CCB,2019/12/01,4169,1,182
CCB,2020/01/01,15588,1,180
CCB,2020/02/01,11008,1,190
CCB,2020/03/01,10136,1,187
CCB,2020/04/01,9,1,174
CCB,2020/05/01,900,1,154
CCB,2020/06/01,9417,1,142
CCB,2020/07/01,11014,1,134
CCB,2020/08/01,6651,1,135
CCB,2020/09/01,8127,1,153
CCB,2020/10/01,9017,1,168
CCB,2020/11/01,8556,1,173
CCB,2020/12/01,6645,1,136
CCB,2021/01/01,10957,1,182
CCB,2021/02/01,5631,1,195
CCB,2021/03/01,4149,1,203
CCC,2017/09/01,16061,2,962
CCC,2017/10/01,64103,2,963
CCC,2017/11/01,69541,2,961
CCC,2017/12/01,13697,2,825
CCC,2018/01/01,55574,2,1069
CCC,2018/02/01,36661,2,1077
CCC,2018/03/01,36319,2,1070
CCC,2018/04/01,25950,2,1070
CCC,2018/05/01,38037,2,1072
CCC,2018/06/01,25543,2,1050
CCC,2018/07/01,17582,2,1052
CCC,2018/08/01,33119,2,1054
CCC,2018/09/01,25519,2,1042
CCC,2018/10/01,35864,2,1040
CCC,2018/11/01,31375,2,1039
CCC,2018/12/01,19348,2,886
CCC,2019/01/01,44755,2,1073
CCC,2019/02/01,30051,2,1072
CCC,2019/03/01,24008,2,1069
CCC,2019/04/01,43099,2,1078
CCC,2019/05/01,35884,2,1079
CCC,2019/06/01,21873,2,1053
CCC,2019/07/01,23563,2,1056
CCC,2019/08/01,21518,2,1056
CCC,2019/09/01,21811,2,1042
CCC,2019/10/01,30826,2,1041
CCC,2019/11/01,36410,2,1034
CCC,2019/12/01,15091,2,912
CCC,2020/01/01,48484,2,1124
CCC,2020/02/01,42151,2,1134
CCC,2020/03/01,31028,2,1132
CCC,2020/05/01,4448,2,1104
CCC,2020/06/01,14891,2,1082
CCC,2020/07/01,18616,2,1079
CCC,2020/08/01,32603,4,1086
CCC,2020/09/01,29509,2,1075
CCC,2020/10/01,54000,2,1086
CCC,2020/11/01,50221,2,1085
CCC,2020/12/01,18416,2,908
CCC,2021/01/01,40353,2,1017
CCC,2021/02/01,64916,2,1033
CCC,2021/03/01,31530,2,1037
CCD,2017/10/01,3763,1,211
CCD,2017/11/01,9753,1,211
CCD,2017/12/01,2958,1,171
CCD,2018/01/01,8636,1,225
CCD,2018/02/01,8293,1,231
CCD,2018/03/01,8365,1,234
CCD,2018/04/01,5831,1,240
CCD,2018/05/01,7034,1,242
CCD,2018/06/01,5915,1,249
CCD,2018/07/01,6729,1,250
CCD,2018/08/01,7908,1,265
CCD,2018/09/01,5888,1,274
CCD,2018/10/01,9826,1,279
CCD,2018/11/01,11892,1,282
CCD,2018/12/01,4607,1,235
CCD,2019/01/01,9302,1,285
CCD,2019/02/01,4331,1,290
CCD,2019/03/01,7196,1,293
CCD,2019/04/01,5568,1,290
CCD,2019/05/01,8452,1,294
CCD,2019/06/01,5030,1,297
CCD,2019/07/01,5076,1,298
CCD,2019/08/01,5169,1,298
CCD,2019/09/01,6068,1,307
CCD,2019/10/01,7020,1,307
CCD,2019/11/01,7552,1,308
CCD,2019/12/01,3311,1,239
CCD,2020/01/01,6167,1,216
CCD,2020/02/01,4745,1,221
CCD,2020/03/01,3948,1,227
CCD,2020/05/01,1776,1,185
CCD,2020/06/01,3771,1,150
CCD,2020/07/01,7028,1,141
CCD,2020/08/01,4436,1,146
CCD,2020/09/01,4815,1,156
CCD,2020/10/01,5096,1,166
CCD,2020/11/01,8136,1,171
CCD,2020/12/01,4164,1,131
CCD,2021/01/01,11978,1,208
CCD,2021/02/01,11220,1,226
CCD,2021/03/01,6086,1,235
CCG,2017/10/01,2909,1,144
CCG,2017/11/01,5171,1,144
CCG,2017/12/01,2931,1,111
CCG,2018/01/01,7931,1,126
CCG,2018/02/01,3812,1,127
CCG,2018/03/01,4554,1,129
CCG,2018/04/01,3429,1,132
CCG,2018/05/01,6951,1,141
CCG,2018/06/01,7042,1,140
CCG,2018/07/01,4786,1,139
CCG,2018/08/01,6313,1,141
CCG,2018/09/01,5333,1,145
CCG,2018/10/01,5067,1,146
CCG,2018/11/01,7563,1,145
CCG,2018/12/01,3045,1,110
CCG,2019/01/01,4797,1,145
CCG,2019/02/01,5971,1,153
CCG,2019/03/01,4728,1,155
CCG,2019/04/01,4204,1,162
CCG,2019/05/01,5814,1,169
CCG,2019/06/01,4384,1,171
CCG,2019/07/01,3665,1,175
CCG,2019/08/01,2847,1,179
CCG,2019/09/01,2241,1,190
CCG,2019/10/01,7300,1,197
CCG,2019/11/01,5908,1,192
CCG,2019/12/01,2164,1,166
CCG,2020/01/01,6198,1,184
CCG,2020/02/01,3594,1,186
CCG,2020/03/01,4392,1,187
CCG,2020/04/01,39,1,184
CCG,2020/05/01,960,1,153
CCG,2020/06/01,3632,1,127
CCG,2020/07/01,4333,1,106
CCG,2020/08/01,2912,1,97
CCG,2020/09/01,3619,1,100
CCG,2020/10/01,4014,1,106
CCG,2020/11/01,4566,1,105
CCG,2020/12/01,3682,1,67
CCG,2021/01/01,8343,1,114
CCG,2021/02/01,9543,1,113
CCG,2021/03/01,5226,1,117
CCM,2020/01/01,11290,1,0
CCM,2020/02/01,5968,1,0
CCM,2020/03/01,2825,1,0
CCM,2020/04/01,159,1,0
CCM,2020/05/01,766,1,0
CCM,2020/06/01,5009,1,0
CCM,2020/07/01,8114,1,0
CCM,2020/08/01,5919,1,0
CCM,2020/09/01,12688,1,0
CCM,2020/10/01,5795,1,0
CCM,2020/11/01,27701,1,0
CCM,2020/12/01,15495,1,0
CCM,2021/01/01,21926,1,0
CCT,2018/02/01,7441,1,77
CCT,2018/03/01,6221,1,82
CCT,2018/04/01,4032,1,83
CCT,2018/05/01,4959,1,86
CCT,2018/06/01,4405,1,90
CCT,2018/07/01,7876,1,95
CCT,2018/08/01,4833,1,99
CCT,2018/09/01,6024,1,103
CCT,2018/10/01,5862,1,107
CCT,2018/11/01,9279,1,108
CCT,2018/12/01,2738,1,82
CCT,2019/01/01,8391,1,128
CCT,2019/02/01,7073,1,134
CCT,2019/03/01,4833,1,134
CCT,2019/04/01,4061,1,130
CCT,2019/05/01,5886,1,133
CCT,2019/06/01,3844,1,130
CCT,2019/07/01,3537,1,136
CCT,2019/08/01,4041,1,138
CCT,2019/09/01,4556,1,143
CCT,2019/10/01,3740,1,147
CCT,2019/11/01,6259,1,147
CCT,2019/12/01,1257,1,105
CCT,2020/01/01,5725,1,116
CCT,2020/02/01,4497,1,125
CCT,2020/03/01,1951,1,120
CCT,2020/05/01,2024,1,87
CCT,2020/06/01,4269,1,79
CCT,2020/07/01,3139,1,73
CCT,2020/08/01,2146,1,71
CCT,2020/09/01,4186,1,77
CCT,2020/10/01,5207,1,82
CCT,2020/11/01,8192,1,83
CCT,2020/12/01,7031,1,72
CCT,2021/01/01,12394,1,149
CCT,2021/02/01,8284,1,164
CCT,2021/03/01,5775,1,169
CCV,2017/10/01,302,1,172
CCV,2017/11/01,5181,1,172
CCV,2017/12/01,3013,1,152
CCV,2018/01/01,12232,1,354
CCV,2018/02/01,8273,1,361
CCV,2018/03/01,7204,1,358
CCV,2018/04/01,8151,1,360
CCV,2018/05/01,7326,1,363
CCV,2018/06/01,8412,1,361
CCV,2018/07/01,5070,1,363
CCV,2018/08/01,7338,1,363
CCV,2018/09/01,5020,1,362
CCV,2018/10/01,3966,1,361
CCV,2018/11/01,4304,1,360
CCV,2018/12/01,2257,1,299
CCV,2019/01/01,11381,1,476
CCV,2019/02/01,6017,1,483
CCV,2019/03/01,827,1,485
CCV,2019/04/01,385,1,489
CCV,2019/05/01,1356,1,490
CCV,2019/06/01,510,1,489
CCV,2019/07/01,672,1,494
CCV,2019/08/01,1350,1,494
CCV,2019/09/01,622,1,495
CCV,2019/10/01,868,1,495
CCV,2019/11/01,956,1,495
CCV,2019/12/01,460,1,452
CCV,2020/01/01,4536,1,701
CCV,2020/02/01,1968,1,710
CCV,2020/03/01,1874,1,711
CCV,2020/05/01,1296,3,708
CCV,2020/06/01,27168,3,705
CCV,2020/07/01,46334,3,701
CCV,2020/08/01,79409,3,712
CCV,2020/09/01,90882,3,715
CCV,2020/10/01,90343,3,712
CCV,2020/11/01,87500,3,714
CCV,2020/12/01,18361,3,667
CCV,2021/01/01,100233,3,869
CCV,2021/02/01,153362,3,917
CCV,2021/03/01,98799,3,923
CDD,2020/01/01,9977,1,172
CDD,2020/02/01,33043,1,173
CDD,2020/03/01,28637,1,171
CDD,2020/05/01,641,1,173
CDD,2020/06/01,16076,1,173
CDD,2020/07/01,12468,1,173
CDD,2020/08/01,17882,1,169
CDD,2020/09/01,17513,1,172
CDD,2020/10/01,13887,1,171
CDD,2020/11/01,24383,1,171
CDD,2020/12/01,9288,1,168
CDD,2021/01/01,13530,2,450
CDD,2021/02/01,20663,2,476
CDD,2021/03/01,38896,2,478
CDJ,2020/02/01,2147,1,37
CDJ,2020/03/01,5698,1,40
CDJ,2020/04/01,8,1,41
CDJ,2020/05/01,197,1,41
CDJ,2020/06/01,2381,1,41
CDJ,2020/07/01,3195,1,41
CDJ,2020/08/01,6815,1,41
CDJ,2020/09/01,8838,1,42
CDJ,2020/10/01,2184,1,42
CDJ,2020/11/01,12194,1,42
CDJ,2020/12/01,3883,1,42
CDJ,2021/01/01,2817,1,180
CDJ,2021/02/01,7722,1,224
CDJ,2021/03/01,7598,1,232
CDM,2020/01/01,359,1,0
CDM,2020/02/01,1436,1,0
CDM,2020/03/01,826,1,0
CDM,2020/04/01,20,1,0
CDM,2020/05/01,472,1,0
CDM,2020/06/01,1387,1,0
CDM,2020/07/01,2741,1,0
CDM,2020/08/01,2301,1,0
CDM,2020/09/01,3381,1,0
CDM,2020/10/01,3651,1,0
CDM,2020/11/01,4602,1,0
CDM,2020/12/01,1501,1,0
CDM,2021/01/01,10211,1,0
CDM,2021/02/01,5078,1,0
CDM,2021/03/01,2700,1,0
CDN,2020/01/01,222,1,92
CDN,2020/02/01,1987,1,94
CDN,2020/03/01,4847,1,92
CDN,2020/06/01,841,1,98
CDN,2020/07/01,2089,1,96
CDN,2020/08/01,3385,1,96
CDN,2020/09/01,3901,1,97
CDN,2020/10/01,2907,1,98
CDN,2020/11/01,4404,1,99
CDN,2020/12/01,152,1,98
CDN,2021/01/01,812,1,261
CDN,2021/02/01,2927,1,269
CDN,2021/03/01,7426,1,270
CDV,2017/09/01,5438,1,1618
CDV,2017/10/01,11075,1,1622
CDV,2017/11/01,12974,1,1622
CDV,2017/12/01,8611,4,1434
CDV,2018/01/01,93316,4,1653
CDV,2018/02/01,96024,4,1654
CDV,2018/03/01,168154,5,1641
CDV,2018/04/01,138748,5,1688
CDV,2018/05/01,245844,5,1677
CDV,2018/06/01,187842,5,1657
CDV,2018/07/01,96351,5,1668
CDV,2018/08/01,209105,5,1669
CDV,2018/09/01,157648,5,1677
CDV,2018/10/01,207964,5,1689
CDV,2018/11/01,257132,5,1684
CDV,2018/12/01,82829,5,1478
CDV,2019/01/01,261565,5,1714
CDV,2019/02/01,216256,5,1727
CDV,2019/03/01,118277,5,1713
CDV,2019/04/01,209803,5,1724
CDV,2019/05/01,272328,5,1719
CDV,2019/06/01,113656,5,1708
CDV,2019/07/01,165083,5,1719
CDV,2019/08/01,219485,5,1723
CDV,2019/09/01,147977,5,1714
CDV,2019/10/01,198901,5,1725
CDV,2019/11/01,253843,5,1721
CDV,2019/12/01,91400,5,1475
CDV,2020/01/01,263369,5,1661
CDV,2020/02/01,218540,5,1674
CDV,2020/03/01,138677,5,1665
CDV,2020/04/01,212,3,1662
CDV,2020/05/01,15627,5,1634
CDV,2020/06/01,103358,5,1618
CDV,2020/07/01,120439,5,1650
CDV,2020/08/01,207536,6,1653
CDV,2020/09/01,134995,5,1665
CDV,2020/10/01,226188,5,1679
CDV,2020/11/01,205552,6,1679
CDV,2020/12/01,86560,7,1467
CDV,2021/01/01,175747,5,1690
CDV,2021/02/01,192205,5,1696
CDV,2021/03/01,130951,5,1700
CEB,2018/01/01,8271,2,569
CEB,2018/02/01,19785,2,583
CEB,2018/03/01,19803,2,576
CEB,2018/04/01,11660,2,575
CEB,2018/05/01,20856,2,579
CEB,2018/06/01,19614,2,577
CEB,2018/07/01,14186,2,577
CEB,2018/08/01,19046,2,578
CEB,2018/09/01,18061,2,573
CEB,2018/10/01,20457,2,574
CEB,2018/11/01,35524,2,571
CEB,2018/12/01,8084,2,499
CEB,2019/01/01,22152,2,638
CEB,2019/02/01,15902,2,658
CEB,2019/03/01,17711,2,651
CEB,2019/04/01,15462,2,669
CEB,2019/05/01,25646,2,668
CEB,2019/06/01,12623,2,664
CEB,2019/07/01,13036,2,676
CEB,2019/08/01,20557,2,678
CEB,2019/09/01,22961,2,674
CEB,2019/10/01,24482,2,685
CEB,2019/11/01,28857,2,688
CEB,2019/12/01,6365,2,553
CEB,2020/01/01,21314,2,693
CEB,2020/02/01,18359,2,716
CEB,2020/03/01,19418,2,713
CEB,2020/04/01,133,1,704
CEB,2020/05/01,8625,2,687
CEB,2020/06/01,15789,2,684
CEB,2020/07/01,16016,2,669
CEB,2020/08/01,29910,2,670
CEB,2020/09/01,24650,2,677
CEB,2020/10/01,38017,2,692
CEB,2020/11/01,35596,2,696
CEB,2020/12/01,8549,2,552
CEB,2021/01/01,22474,2,700
CEB,2021/02/01,27180,2,732
CEB,2021/03/01,17621,2,727
CED,2019/01/01,5153,1,203
CED,2019/02/01,6112,1,207
CED,2019/03/01,3025,1,211
CED,2019/04/01,4950,1,215
CED,2019/05/01,18288,1,215
CED,2019/06/01,4426,1,215
CED,2019/07/01,6819,1,228
CED,2019/08/01,5428,1,228
CED,2019/09/01,7033,1,226
CED,2019/10/01,6091,1,227
CED,2019/11/01,8118,1,226
CED,2019/12/01,3180,1,207
CED,2020/01/01,8603,1,411
CED,2020/02/01,19237,1,432
CED,2020/03/01,8217,1,431
CED,2020/04/01,3,1,432
CED,2020/05/01,2562,1,431
CED,2020/06/01,2977,1,435
CED,2020/07/01,3693,1,437
CED,2020/08/01,5278,1,431
CED,2020/09/01,3873,1,433
CED,2020/10/01,6453,1,432
CED,2020/11/01,7309,1,432
CED,2020/12/01,5018,1,404
CED,2021/01/01,6952,1,561
CED,2021/02/01,11116,1,579
CED,2021/03/01,5483,1,584
CFH,2019/10/01,8858,1,45
CFH,2019/11/01,21278,1,45
CFH,2019/12/01,5329,1,44
CFH,2020/01/01,35841,2,227
CFH,2020/02/01,24283,2,231
CFH,2020/03/01,43555,2,230
CFH,2020/05/01,125,1,229
CFH,2020/06/01,21647,2,226
CFH,2020/07/01,16021,2,226
CFH,2020/08/01,31406,2,235
CFH,2020/09/01,26853,2,240
CFH,2020/10/01,12681,2,240
CFH,2020/11/01,32993,2,242
CFH,2020/12/01,7589,2,234
CFH,2021/01/01,16046,2,385
CFH,2021/02/01,24719,2,443
CFH,2021/03/01,31030,2,444
CHA,2017/09/01,9849,2,1273
CHA,2017/10/01,81002,2,1278
CHA,2017/11/01,104208,2,1276
CHA,2017/12/01,19273,2,1052
CHA,2018/01/01,87687,2,1226
CHA,2018/02/01,76392,2,1227
CHA,2018/03/01,74472,2,1216
CHA,2018/04/01,66486,2,1221
CHA,2018/05/01,112212,2,1221
CHA,2018/06/01,75103,2,1210
CHA,2018/07/01,64899,2,1228
CHA,2018/08/01,98692,2,1230
CHA,2018/09/01,58339,2,1230
CHA,2018/10/01,81422,2,1242
CHA,2018/11/01,107653,2,1240
CHA,2018/12/01,23662,2,1058
CHA,2019/01/01,132335,2,1271
CHA,2019/02/01,102269,2,1278
CHA,2019/03/01,41589,2,1266
CHA,2019/04/01,86849,2,1273
CHA,2019/05/01,100861,2,1275
CHA,2019/06/01,29349,2,1253
CHA,2019/07/01,47631,2,1268
CHA,2019/08/01,61734,2,1269
CHA,2019/09/01,65113,2,1261
CHA,2019/10/01,65518,4,1262
CHA,2019/11/01,105182,3,1255
CHA,2019/12/01,20943,3,1036
CHA,2020/01/01,111599,3,1231
CHA,2020/02/01,80821,3,1231
CHA,2020/03/01,58659,3,1225
CHA,2020/04/01,30,1,1221
CHA,2020/05/01,24070,3,1202
CHA,2020/06/01,55915,3,1191
CHA,2020/07/01,79223,3,1196
CHA,2020/08/01,94616,3,1196
CHA,2020/09/01,59730,3,1187
CHA,2020/10/01,102273,3,1207
CHA,2020/11/01,114124,3,1210
CHA,2020/12/01,23059,3,1042
CHA,2021/01/01,87910,3,1205
CHA,2021/02/01,73171,2,1218
CHA,2021/03/01,42331,2,1212
CHC,2018/07/01,50625,2,0
CHC,2018/08/01,79273,3,0
CHC,2018/09/01,45835,3,0
CHC,2018/10/01,57499,3,0
CHC,2018/11/01,42408,2,0
CHC,2018/12/01,4238,2,0
CHC,2019/01/01,140453,3,0
CHC,2019/02/01,101615,3,0
CHC,2019/03/01,52900,3,0
CHC,2019/04/01,135699,3,0
CHC,2019/05/01,140243,3,0
CHC,2019/06/01,41078,3,0
CHC,2019/07/01,104383,3,0
CHC,2019/08/01,95394,3,0
CHC,2019/09/01,49589,3,0
CHC,2019/10/01,74440,3,0
CHC,2019/11/01,111909,3,0
CHC,2019/12/01,4042,3,0
CHC,2020/01/01,83123,3,0
CHC,2020/02/01,102414,3,0
CHC,2020/03/01,79944,3,0
CHC,2020/04/01,2251,2,0
CHC,2020/05/01,5036,3,0
CHC,2020/06/01,31545,3,0
CHC,2020/07/01,53067,3,0
CHC,2020/08/01,69021,3,0
CHC,2020/09/01,49253,3,0
CHC,2020/10/01,88873,3,0
CHC,2020/11/01,87612,3,0
CHC,2020/12/01,13674,2,0
CHC,2021/01/01,30825,3,0
CHC,2021/02/01,88934,3,0
CHC,2021/03/01,63143,3,0
CHD,2017/09/01,8381,2,1082
CHD,2017/10/01,49320,2,1081
CHD,2017/11/01,90520,2,1066
CHD,2017/12/01,33215,2,918
CHD,2018/01/01,83344,3,1466
CHD,2018/02/01,88413,3,1472
CHD,2018/03/01,98947,3,1464
CHD,2018/04/01,88271,3,1473
CHD,2018/05/01,108158,3,1478
CHD,2018/06/01,103795,3,1458
CHD,2018/07/01,51771,3,1465
CHD,2018/08/01,91450,3,1474
CHD,2018/09/01,74592,3,1469
CHD,2018/10/01,108707,3,1474
CHD,2018/11/01,148206,3,1467
CHD,2018/12/01,25172,3,1240
CHD,2019/01/01,142323,3,1534
CHD,2019/02/01,110242,3,1547
CHD,2019/03/01,65504,3,1527
CHD,2019/04/01,113772,3,1543
CHD,2019/05/01,130055,3,1548
CHD,2019/06/01,62703,3,1533
CHD,2019/07/01,89729,4,1547
CHD,2019/08/01,87089,4,1549
CHD,2019/09/01,67680,4,1546
CHD,2019/10/01,109362,4,1596
CHD,2019/11/01,138082,4,1600
CHD,2019/12/01,31708,3,1308
CHD,2020/01/01,109290,4,1582
CHD,2020/02/01,106585,4,1589
CHD,2020/03/01,66043,4,1580
CHD,2020/04/01,686,2,1583
CHD,2020/05/01,4630,3,1562
CHD,2020/06/01,16574,4,1524
CHD,2020/07/01,38067,4,1529
CHD,2020/08/01,49032,4,1526
CHD,2020/09/01,46581,4,1538
CHD,2020/10/01,72938,4,1556
CHD,2020/11/01,101067,4,1564
CHD,2020/12/01,36560,3,1301
CHD,2021/01/01,61671,4,1534
CHD,2021/02/01,91425,4,1582
CHD,2021/03/01,77834,4,1577
CHK,2017/10/01,1065,1,556
CHK,2017/11/01,2094,1,556
CHK,2017/12/01,878,1,466
CHK,2018/01/01,2160,1,597
CHK,2018/02/01,2074,1,596
CHK,2018/03/01,2951,1,594
CHK,2018/04/01,1152,1,601
CHK,2018/05/01,1518,1,603
CHK,2018/06/01,2378,1,595
CHK,2018/07/01,434,1,599
CHK,2018/08/01,1472,1,603
CHK,2018/09/01,3114,1,607
CHK,2018/10/01,1145,1,607
CHK,2018/11/01,2345,1,607
CHK,2018/12/01,2072,1,532
CHK,2019/01/01,2937,1,634
CHK,2019/02/01,3687,2,645
CHK,2019/03/01,3200,2,646
CHK,2019/04/01,5728,2,645
CHK,2019/05/01,7098,2,645
CHK,2019/06/01,2871,2,636
CHK,2019/07/01,5679,2,646
CHK,2019/08/01,6190,2,648
CHK,2019/09/01,5644,2,648
CHK,2019/10/01,8609,2,651
CHK,2019/11/01,12035,2,650
CHK,2019/12/01,2213,2,599
CHK,2020/01/01,11039,2,711
CHK,2020/02/01,7386,2,711
CHK,2020/03/01,4255,2,711
CHK,2020/04/01,996,1,703
CHK,2020/05/01,1265,2,705
CHK,2020/06/01,5638,2,700
CHK,2020/07/01,6388,2,701
CHK,2020/08/01,6142,2,705
CHK,2020/09/01,5967,2,704
CHK,2020/10/01,7447,2,709
CHK,2020/11/01,11850,2,709
CHK,2020/12/01,5302,2,645
CHK,2021/01/01,8836,2,756
CHK,2021/02/01,6617,2,775
CHK,2021/03/01,4238,2,781
CHM,2017/09/01,17906,3,596
CHM,2017/10/01,56274,3,603
CHM,2017/11/01,79137,3,600
CHM,2017/12/01,21049,3,510
CHM,2018/01/01,60899,3,590
CHM,2018/02/01,60740,3,593
CHM,2018/03/01,50609,3,582
CHM,2018/04/01,33299,3,601
CHM,2018/05/01,50368,4,597
CHM,2018/06/01,46674,4,591
CHM,2018/07/01,34236,4,591
CHM,2018/08/01,47411,4,590
CHM,2018/09/01,44825,4,587
CHM,2018/10/01,48397,4,593
CHM,2018/11/01,63678,4,589
CHM,2018/12/01,29027,4,482
CHM,2019/01/01,86442,4,588
CHM,2019/02/01,67668,4,598
CHM,2019/03/01,34121,4,598
CHM,2019/04/01,62079,4,624
CHM,2019/05/01,66554,4,628
CHM,2019/06/01,24034,4,618
CHM,2019/07/01,56153,4,631
CHM,2019/08/01,57099,4,627
CHM,2019/09/01,48208,4,621
CHM,2019/10/01,65854,4,625
CHM,2019/11/01,55246,4,623
CHM,2019/12/01,18615,4,539
CHM,2020/01/01,63607,4,608
CHM,2020/02/01,47692,5,616
CHM,2020/03/01,52101,4,612
CHM,2020/04/01,1323,4,600
CHM,2020/05/01,21288,4,599
CHM,2020/06/01,58309,4,579
CHM,2020/07/01,63567,4,587
CHM,2020/08/01,56167,4,592
CHM,2020/09/01,52733,4,603
CHM,2020/10/01,63085,4,614
CHM,2020/11/01,72399,4,609
CHM,2020/12/01,60428,4,528
CHM,2021/01/01,60830,4,623
CHM,2021/02/01,75172,4,638
CHM,2021/03/01,43040,4,647
CHO,2018/03/01,3724,1,0
CHO,2018/04/01,4519,1,0
CHO,2018/05/01,2926,1,0
CHO,2018/06/01,2974,1,0
CHO,2018/07/01,5274,1,0
CHO,2018/08/01,3147,1,0
CHO,2018/09/01,2444,1,0
CHO,2018/10/01,3318,1,0
CHO,2018/11/01,3076,1,0
CHO,2018/12/01,1249,1,0
CHO,2019/01/01,3445,1,0
CHO,2019/02/01,2459,1,0
CHO,2019/03/01,2510,1,0
CHO,2019/04/01,1758,1,0
CHO,2019/05/01,2651,1,0
CHO,2019/06/01,3400,1,0
CHO,2019/07/01,2458,1,0
CHO,2019/08/01,3007,1,0
CHO,2019/09/01,3070,1,0
CHO,2019/10/01,6415,2,0
CHO,2019/11/01,11280,2,0
CHO,2019/12/01,5470,2,0
CHO,2020/01/01,11497,2,0
CHO,2020/02/01,9017,2,0
CHO,2020/03/01,5529,2,0
CHO,2020/04/01,859,1,0
CHO,2020/05/01,714,2,0
CHO,2020/06/01,1732,2,0
CHO,2020/07/01,3649,2,0
CHO,2020/08/01,3413,2,0
CHO,2020/09/01,2981,2,0
CHO,2020/10/01,5128,3,0
CHO,2020/11/01,6989,3,0
CHO,2020/12/01,4430,3,0
CHO,2021/01/01,5845,3,0
CHO,2021/02/01,4434,3,0
CHO,2021/03/01,4313,3,0
CHW,2017/09/01,63794,4,1300
CHW,2017/10/01,104038,4,1299
CHW,2017/11/01,156344,4,1298
CHW,2017/12/01,52893,4,1048
CHW,2018/01/01,146830,4,1268
CHW,2018/02/01,129470,4,1289
CHW,2018/03/01,122028,5,1284
CHW,2018/04/01,124794,5,1298
CHW,2018/05/01,157656,5,1302
CHW,2018/06/01,122189,5,1289
CHW,2018/07/01,122782,5,1297
CHW,2018/08/01,150174,5,1304
CHW,2018/09/01,103626,5,1303
CHW,2018/10/01,150346,6,1301
CHW,2018/11/01,170539,5,1301
CHW,2018/12/01,32894,5,1109
CHW,2019/01/01,237681,5,1402
CHW,2019/02/01,160397,5,1407
CHW,2019/03/01,102888,5,1380
CHW,2019/04/01,185500,5,1390
CHW,2019/05/01,190979,5,1390
CHW,2019/06/01,96956,5,1382
CHW,2019/07/01,145369,6,1389
CHW,2019/08/01,123958,6,1391
CHW,2019/09/01,112260,4,1396
CHW,2019/10/01,129225,4,1398
CHW,2019/11/01,178355,4,1396
CHW,2019/12/01,43440,4,1117
CHW,2020/01/01,131287,4,1283
CHW,2020/02/01,104683,3,1300
CHW,2020/03/01,51386,3,1283
CHW,2020/05/01,47547,3,1270
CHW,2020/06/01,37408,3,1248
CHW,2020/07/01,88801,2,1244
CHW,2020/08/01,97772,2,1241
CHW,2020/09/01,64782,2,1241
CHW,2020/10/01,135716,2,1240
CHW,2020/11/01,97975,2,1240
CHW,2020/12/01,89833,2,1006
CHW,2021/01/01,69816,5,1119
CHW,2021/02/01,81472,5,1158
CHW,2021/03/01,83251,5,1163
CKA,2017/09/01,6766,1,584
CKA,2017/10/01,48112,1,589
CKA,2017/11/01,58151,1,590
CKA,2017/12/01,20018,1,536
CKA,2018/01/01,55808,1,715
CKA,2018/02/01,84119,1,735
CKA,2018/03/01,67952,1,741
CKA,2018/04/01,57531,1,761
CKA,2018/05/01,87294,1,761
CKA,2018/06/01,45537,1,741
CKA,2018/07/01,48482,1,747
CKA,2018/08/01,76158,1,751
CKA,2018/09/01,47773,1,754
CKA,2018/10/01,66984,1,760
CKA,2018/11/01,66786,1,756
CKA,2018/12/01,29457,1,686
CKA,2019/01/01,58181,1,853
CKA,2019/02/01,81813,2,866
CKA,2019/03/01,41900,1,863
CKA,2019/04/01,71604,1,879
CKA,2019/05/01,100132,1,885
CKA,2019/06/01,72406,1,872
CKA,2019/07/01,92227,1,872
CKA,2019/08/01,87588,1,869
CKA,2019/09/01,67859,1,872
CKA,2019/10/01,90170,1,874
CKA,2019/11/01,103862,1,871
CKA,2019/12/01,22946,1,735
CKA,2020/01/01,104035,1,858
CKA,2020/02/01,124577,1,878
CKA,2020/03/01,62390,3,873
CKA,2020/04/01,477,1,859
CKA,2020/05/01,64265,3,823
CKA,2020/06/01,100418,3,800
CKA,2020/07/01,106957,3,778
CKA,2020/08/01,94476,3,778
CKA,2020/09/01,70457,3,799
CKA,2020/10/01,100466,3,818
CKA,2020/11/01,120484,3,826
CKA,2020/12/01,64090,3,750
CKA,2021/01/01,97395,3,890
CKA,2021/02/01,90961,3,915
CKA,2021/03/01,26249,1,915
CKD,2017/09/01,1366,1,969
CKD,2017/10/01,43209,2,974
CKD,2017/11/01,45676,2,968
CKD,2017/12/01,28557,2,864
CKD,2018/01/01,66883,2,1127
CKD,2018/02/01,36312,3,1138
CKD,2018/03/01,22659,3,1145
CKD,2018/04/01,19294,3,1156
CKD,2018/05/01,20924,3,1153
CKD,2018/06/01,24988,3,1141
CKD,2018/07/01,30194,3,1142
CKD,2018/08/01,20040,3,1142
CKD,2018/09/01,13485,3,1136
CKD,2018/10/01,26889,3,1138
CKD,2018/11/01,45140,3,1135
CKD,2018/12/01,16635,3,1026
CKD,2019/01/01,31698,3,1201
CKD,2019/02/01,25363,2,1214
CKD,2019/03/01,11160,2,1214
CKD,2019/04/01,15590,2,1231
CKD,2019/05/01,17453,3,1241
CKD,2019/06/01,12956,3,1229
CKD,2019/07/01,18826,3,1241
CKD,2019/08/01,16271,3,1231
CKD,2019/09/01,13480,3,1216
CKD,2019/10/01,21159,3,1222
CKD,2019/11/01,27387,3,1185
CKD,2019/12/01,13011,3,1087
CKD,2020/01/01,28271,3,1231
CKD,2020/02/01,20114,3,1230
CKD,2020/03/01,12952,3,1228
CKD,2020/04/01,613,2,1230
CKD,2020/05/01,441,3,1195
CKD,2020/06/01,4253,3,1148
CKD,2020/07/01,11629,3,1151
CKD,2020/08/01,7112,3,1148
CKD,2020/09/01,11491,3,1156
CKD,2020/10/01,14401,3,1168
CKD,2020/11/01,20000,3,1166
CKD,2020/12/01,20892,3,1012
CKD,2021/01/01,25138,3,1139
CKD,2021/02/01,15847,3,1164
CKD,2021/03/01,11260,3,1164
CKL,2019/10/01,56344,4,815
CKL,2019/11/01,162541,4,815
CKL,2019/12/01,17709,4,735
CKL,2020/01/01,81385,4,872
CKL,2020/02/01,110670,4,879
CKL,2020/03/01,112851,4,873
CKL,2020/04/01,811,2,878
CKL,2020/05/01,10545,3,875
CKL,2020/06/01,105042,4,861
CKL,2020/07/01,90374,4,866
CKL,2020/08/01,102056,4,866
CKL,2020/09/01,101002,4,869
CKL,2020/10/01,126503,4,869
CKL,2020/11/01,155110,4,869
CKL,2020/12/01,38100,4,777
CKL,2021/01/01,63924,4,852
CKL,2021/02/01,120530,4,869
CKL,2021/03/01,82536,4,873
CLB,2017/09/01,10228,2,766
CLB,2017/10/01,21249,2,765
CLB,2017/11/01,25720,2,762
CLB,2017/12/01,7679,2,632
CLB,2018/01/01,34404,2,724
CLB,2018/02/01,31102,2,722
CLB,2018/03/01,28652,2,713
CLB,2018/04/01,32507,2,713
CLB,2018/05/01,44231,2,716
CLB,2018/06/01,22381,2,706
CLB,2018/07/01,28714,2,726
CLB,2018/08/01,35974,2,727
CLB,2018/09/01,25259,2,720
CLB,2018/10/01,35160,2,724
CLB,2018/11/01,24359,2,726
CLB,2018/12/01,15216,2,622
CLB,2019/01/01,58467,2,770
CLB,2019/02/01,31777,2,780
CLB,2019/03/01,14360,2,769
CLB,2019/04/01,22536,1,795
CLB,2019/05/01,23332,1,796
CLB,2019/06/01,8680,1,787
CLB,2019/07/01,23148,1,807
CLB,2019/08/01,25135,1,809
CLB,2019/09/01,17264,1,811
CLB,2019/10/01,20493,1,816
CLB,2019/11/01,18166,1,818
CLB,2019/12/01,5636,1,724
CLB,2020/01/01,32675,1,842
CLB,2020/02/01,25226,1,846
CLB,2020/03/01,21004,1,841
CLB,2020/04/01,5046,1,854
CLB,2020/05/01,7679,1,829
CLB,2020/06/01,15588,3,818
CLB,2020/07/01,24357,2,830
CLB,2020/08/01,60859,2,832
CLB,2020/09/01,35164,2,832
CLB,2020/10/01,44373,2,866
CLB,2020/11/01,51254,2,871
CLB,2020/12/01,15465,2,785
CLB,2021/01/01,37514,3,929
CLB,2021/02/01,41058,1,961
CLB,2021/03/01,36350,2,960
CMB,2018/01/01,15452,3,371
CMB,2018/02/01,54246,3,381
CMB,2018/03/01,53935,3,378
CMB,2018/04/01,47797,3,391
CMB,2018/05/01,77315,3,396
CMB,2018/06/01,61362,3,399
CMB,2018/07/01,40007,3,411
CMB,2018/08/01,66866,3,406
CMB,2018/09/01,49192,3,400
CMB,2018/10/01,59657,3,402
CMB,2018/11/01,71851,3,400
CMB,2018/12/01,27405,3,344
CMB,2019/01/01,88157,3,416
CMB,2019/02/01,61141,3,422
CMB,2019/03/01,37263,3,416
CMB,2019/04/01,65727,3,426
CMB,2019/05/01,89440,3,427
CMB,2019/06/01,36187,3,421
CMB,2019/07/01,51580,3,435
CMB,2019/08/01,63431,3,434
CMB,2019/09/01,58272,3,432
CMB,2019/10/01,63922,3,436
CMB,2019/11/01,69317,3,430
CMB,2019/12/01,20633,3,383
CMB,2020/01/01,68885,3,431
CMB,2020/02/01,75205,3,431
CMB,2020/03/01,45164,3,427
CMB,2020/05/01,13937,3,418
CMB,2020/06/01,43513,3,399
CMB,2020/07/01,42119,3,401
CMB,2020/08/01,59135,3,404
CMB,2020/09/01,56061,3,414
CMB,2020/10/01,64334,3,422
CMB,2020/11/01,61382,3,423
CMB,2020/12/01,20201,3,356
CMB,2021/01/01,65388,3,439
CMB,2021/02/01,70996,3,458
CMB,2021/03/01,46915,3,457
CMD,2020/01/01,1388,1,610
CMD,2020/02/01,8588,2,619
CMD,2020/03/01,5866,2,623
CMD,2020/05/01,3837,2,620
CMD,2020/06/01,7229,2,622
CMD,2020/07/01,30435,2,621
CMD,2020/08/01,18829,2,621
CMD,2020/09/01,50026,3,627
CMD,2020/10/01,33396,3,630
CMD,2020/11/01,27615,3,630
CMD,2020/12/01,10357,3,525
CMD,2021/01/01,52278,3,1331
CMD,2021/02/01,37335,3,1381
CMD,2021/03/01,15011,3,1402
CMH,2017/10/01,2576,1,151
CMH,2017/11/01,8836,1,146
CMH,2017/12/01,6788,1,129
CMH,2018/01/01,6098,1,165
CMH,2018/02/01,5008,1,165
CMH,2018/03/01,7042,1,159
CMH,2018/04/01,4812,1,158
CMH,2018/05/01,2325,1,154
CMH,2018/06/01,8243,1,149
CMH,2018/07/01,1782,1,151
CMH,2018/08/01,3952,1,152
CMH,2018/09/01,4022,1,150
CMH,2018/10/01,2441,1,149
CMH,2018/11/01,8109,1,146
CMH,2018/12/01,2105,1,125
CMH,2019/01/01,4156,1,149
CMH,2019/02/01,2815,1,146
CMH,2019/03/01,3058,1,146
CMH,2019/04/01,2524,1,141
CMH,2019/05/01,5056,1,142
CMH,2019/06/01,4109,1,142
CMH,2019/07/01,3180,1,137
CMH,2019/08/01,3497,1,136
CMH,2019/09/01,3926,1,135
CMH,2019/10/01,7733,1,136
CMH,2019/11/01,5045,1,134
CMH,2019/12/01,1484,1,88
CMH,2020/01/01,4272,1,98
CMH,2020/02/01,4542,1,99
CMH,2020/03/01,7301,1,98
CMH,2020/04/01,26,1,98
CMH,2020/05/01,169,1,98
CMH,2020/06/01,1061,1,94
CMH,2020/07/01,2515,1,94
CMH,2020/08/01,3918,1,94
CMH,2020/09/01,2269,1,81
CMH,2020/10/01,3731,1,82
CMH,2020/11/01,5130,1,82
CMH,2020/12/01,1076,1,2
CML,2018/02/01,4308,1,135
CML,2018/03/01,8325,1,133
CML,2018/04/01,4799,1,136
CML,2018/05/01,5075,1,140
CML,2018/06/01,2237,1,142
CML,2018/07/01,2515,1,144
CML,2018/08/01,2683,1,145
CML,2018/09/01,2212,1,145
CML,2018/10/01,2015,1,145
CML,2018/11/01,7380,1,145
CML,2018/12/01,2108,1,133
CML,2019/01/01,8499,1,235
CML,2019/02/01,5016,1,242
CML,2019/03/01,3851,2,240
CML,2019/04/01,48638,2,241
CML,2019/05/01,48799,2,244
CML,2019/06/01,19309,2,243
CML,2019/07/01,42813,2,244
CML,2019/08/01,34133,2,245
CML,2019/09/01,32404,2,244
CML,2019/10/01,45379,2,247
CML,2019/11/01,46888,2,247
CML,2019/12/01,8952,2,241
CML,2020/01/01,67684,2,350
CML,2020/02/01,45154,2,356
CML,2020/03/01,59240,2,356
CML,2020/05/01,64675,2,355
CML,2020/06/01,37836,2,351
CML,2020/07/01,49605,2,354
CML,2020/08/01,44405,2,354
CML,2020/09/01,39621,2,353
CML,2020/10/01,76176,2,353
CML,2020/11/01,59181,2,352
CML,2020/12/01,12367,2,338
CML,2021/01/01,91438,2,355
CML,2021/02/01,106886,2,364
CML,2021/03/01,66125,2,366
CMM,2021/01/01,38917,2,364
CMM,2021/02/01,52644,2,431
CMM,2021/03/01,26690,2,436
CMR,2017/09/01,22553,3,686
CMR,2017/10/01,65742,3,691
CMR,2017/11/01,74991,3,686
CMR,2017/12/01,20869,3,584
CMR,2018/01/01,88494,3,779
CMR,2018/02/01,74486,3,788
CMR,2018/03/01,87672,3,791
CMR,2018/04/01,62623,3,804
CMR,2018/05/01,95574,3,808
CMR,2018/06/01,80827,3,805
CMR,2018/07/01,36340,3,814
CMR,2018/08/01,59503,3,817
CMR,2018/09/01,47971,3,816
CMR,2018/10/01,63425,3,823
CMR,2018/11/01,80402,3,817
CMR,2018/12/01,31692,3,658
CMR,2019/01/01,84931,3,827
CMR,2019/02/01,80267,3,832
CMR,2019/03/01,44957,3,825
CMR,2019/04/01,71461,3,826
CMR,2019/05/01,83640,3,834
CMR,2019/06/01,43145,3,819
CMR,2019/07/01,63979,3,854
CMR,2019/08/01,54002,3,851
CMR,2019/09/01,46544,3,859
CMR,2019/10/01,78968,3,863
CMR,2019/11/01,78309,3,861
CMR,2019/12/01,9645,3,735
CMR,2020/01/01,88309,3,791
CMR,2020/02/01,83336,3,782
CMR,2020/03/01,53772,3,780
CMR,2020/04/01,631,3,772
CMR,2020/05/01,17769,3,743
CMR,2020/06/01,42826,3,720
CMR,2020/07/01,76381,4,716
CMR,2020/08/01,80822,6,738
CMR,2020/09/01,102016,4,772
CMR,2020/10/01,95385,4,793
CMR,2020/11/01,97343,4,805
CMR,2020/12/01,34526,4,726
CMR,2021/01/01,56435,4,857
CMR,2021/02/01,131182,4,869
CMR,2021/03/01,77772,4,866
CNR,2019/06/01,889,1,433
CNR,2019/07/01,54136,1,438
CNR,2019/08/01,42433,1,433
CNR,2019/09/01,25291,1,432
CNR,2019/10/01,69820,1,438
CNR,2019/11/01,44198,1,435
CNR,2019/12/01,11708,1,358
CNR,2020/01/01,72664,1,454
CNR,2020/02/01,63028,1,478
CNR,2020/03/01,27890,1,475
CNR,2020/05/01,70760,1,456
CNR,2020/06/01,87599,1,450
CNR,2020/07/01,61408,1,445
CNR,2020/08/01,57960,1,437
CNR,2020/09/01,41762,1,451
CNR,2020/10/01,58740,1,470
CNR,2020/11/01,42424,1,478
CNR,2020/12/01,18286,1,397
CNR,2021/01/01,63116,1,541
CNR,2021/02/01,67669,1,600
CNR,2021/03/01,38041,1,617
CNS,2017/09/01,18927,1,1489
CNS,2017/10/01,30229,1,1484
CNS,2017/11/01,50064,1,1487
CNS,2017/12/01,12452,1,1253
CNS,2018/01/01,34060,1,1557
CNS,2018/02/01,24236,1,1565
CNS,2018/03/01,16495,1,1561
CNS,2018/04/01,1610,1,1566
CNS,2018/05/01,17849,1,1560
CNS,2018/06/01,8653,1,1551
CNS,2018/07/01,13294,1,1549
CNS,2018/08/01,21665,1,1557
CNS,2018/09/01,19221,1,1546
CNS,2018/10/01,23225,1,1545
CNS,2018/11/01,17012,1,1552
CNS,2019/02/01,8302,1,1483
CNS,2019/03/01,11889,1,1486
CNS,2019/04/01,20096,1,1496
CNS,2019/05/01,27215,1,1487
CNS,2019/06/01,16055,1,1467
CNS,2019/07/01,22868,1,1479
CNS,2019/08/01,23279,1,1478
CNS,2019/09/01,14760,1,1473
CNS,2019/10/01,29662,1,1479
CNS,2019/11/01,26759,1,1481
CNS,2019/12/01,8917,1,1343
CNS,2020/01/01,36331,1,1459
CNS,2020/02/01,22734,1,1465
CNS,2020/03/01,11749,1,1456
CNS,2020/04/01,1168,1,1446
CNS,2020/05/01,7989,1,1429
CNS,2020/06/01,12047,1,1398
CNS,2020/07/01,17410,2,1387
CNS,2020/08/01,15627,1,1390
CNS,2020/09/01,17611,1,1392
CNS,2020/10/01,30256,1,1395
CNS,2020/11/01,32282,1,1401
CNS,2020/12/01,12738,1,1173
CNS,2021/01/01,20455,1,1411
CNS,2021/02/01,24637,1,1460
CNS,2021/03/01,18546,1,1459
Col,2017/09/01,2723,1,0
Col,2017/10/01,8904,1,0
Col,2017/11/01,8659,1,0
Col,2017/12/01,3998,1,0
Col,2018/01/01,6438,1,0
Col,2018/02/01,7193,1,0
Col,2018/03/01,13883,1,0
Col,2018/04/01,6732,1,0
Col,2018/05/01,9882,1,0
Col,2018/06/01,10333,1,0
Col,2018/07/01,604,1,0
COO,2019/02/01,71,1,692
COO,2019/07/01,339,1,685
COO,2019/08/01,4274,1,684
COO,2019/09/01,1909,1,676
COO,2019/10/01,2309,1,675
COO,2019/11/01,2207,1,673
COO,2019/12/01,1387,1,611
COO,2020/01/01,2519,1,931
COO,2020/02/01,1742,1,938
COO,2020/03/01,3387,1,934
COO,2020/05/01,1410,1,902
COO,2020/06/01,2367,1,869
COO,2020/07/01,2848,1,858
COO,2020/08/01,2165,1,870
COO,2020/09/01,871,1,882
COO,2020/10/01,1742,1,894
COO,2020/11/01,16658,1,898
COO,2020/12/01,6312,1,809
COO,2021/01/01,10414,1,901
COO,2021/02/01,11288,1,933
COO,2021/03/01,7282,1,938
CPD,2019/01/01,11988,2,302
CPD,2019/02/01,10074,2,321
CPD,2019/03/01,6863,2,322
CPD,2019/04/01,11765,2,339
CPD,2019/05/01,18191,2,342
CPD,2019/06/01,5300,2,339
CPD,2019/07/01,10485,2,350
CPD,2019/08/01,9482,2,355
CPD,2019/09/01,9290,2,363
CPD,2019/10/01,13939,2,364
CPD,2019/11/01,18969,2,365
CPD,2019/12/01,9161,2,338
CPD,2020/01/01,26324,2,808
CPD,2020/02/01,14104,2,836
CPD,2020/03/01,9655,2,835
CPD,2020/04/01,321,2,840
CPD,2020/05/01,6937,2,832
CPD,2020/06/01,7234,2,827
CPD,2020/07/01,9452,2,826
CPD,2020/08/01,8268,2,803
CPD,2020/09/01,10655,2,808
CPD,2020/10/01,12231,2,809
CPD,2020/11/01,12946,2,807
CPD,2020/12/01,14623,2,727
CPD,2021/01/01,17546,2,1063
CPD,2021/02/01,22482,2,1155
CPD,2021/03/01,33133,3,1178
CPG,2019/03/01,7763,1,518
CPG,2019/04/01,21472,1,523
CPG,2019/05/01,33416,1,528
CPG,2019/06/01,13991,1,528
CPG,2019/07/01,28953,1,531
CPG,2019/08/01,25990,1,532
CPG,2019/09/01,25053,1,531
CPG,2019/10/01,26263,1,532
CPG,2019/11/01,28902,1,532
CPG,2019/12/01,8254,1,447
CPG,2020/01/01,38103,1,905
CPG,2020/02/01,39938,1,923
CPG,2020/03/01,26934,1,922
CPG,2020/05/01,5775,1,924
CPG,2020/06/01,15221,1,926
CPG,2020/07/01,19033,1,928
CPG,2020/08/01,31160,1,931
CPG,2020/09/01,24334,1,932
CPG,2020/10/01,35277,1,935
CPG,2020/11/01,19980,1,933
CPG,2020/12/01,12353,1,797
CPG,2021/01/01,20826,1,1181
CPG,2021/02/01,23748,1,1205
CPG,2021/03/01,27696,1,1205
CPM,2019/09/01,1659,1,0
CPM,2019/10/01,8579,2,0
CPM,2019/11/01,7428,2,0
CPM,2019/12/01,13537,2,0
CPM,2020/01/01,23529,2,25
CPM,2020/02/01,16184,2,30
CPM,2020/03/01,20568,2,30
CPM,2020/05/01,3361,2,30
CPM,2020/06/01,17161,2,30
CPM,2020/07/01,16093,2,30
CPM,2020/08/01,24367,2,30
CPM,2020/09/01,25683,2,30
CPM,2020/10/01,21786,3,30
CPM,2020/11/01,33557,3,30
CPM,2020/12/01,14880,3,30
CPM,2021/01/01,18813,2,56
CPM,2021/02/01,23171,2,55
CPM,2021/03/01,18358,4,55
CRC,2017/10/01,4367,1,371
CRC,2017/11/01,5004,1,361
CRC,2017/12/01,10836,1,247
CRC,2018/01/01,9648,1,311
CRC,2018/02/01,9045,1,316
CRC,2018/03/01,13304,1,312
CRC,2018/04/01,8528,1,325
CRC,2018/05/01,10441,1,332
CRC,2018/06/01,12318,1,336
CRC,2018/07/01,7916,1,339
CRC,2018/08/01,16047,1,344
CRC,2018/09/01,10616,1,349
CRC,2018/10/01,10794,1,354
CRC,2018/11/01,11422,1,349
CRC,2018/12/01,6709,1,245
CRC,2019/01/01,17258,1,308
CRC,2019/02/01,9702,1,315
CRC,2019/03/01,12312,1,319
CRC,2019/04/01,9730,1,326
CRC,2019/05/01,10248,1,333
CRC,2019/06/01,11786,1,327
CRC,2019/07/01,9579,1,327
CRC,2019/08/01,12022,1,325
CRC,2019/09/01,9501,1,332
CRC,2019/10/01,9449,1,336
CRC,2019/11/01,9040,1,332
CRC,2019/12/01,3767,1,246
CRC,2020/01/01,7711,1,231
CRC,2020/02/01,5680,1,238
CRC,2020/03/01,6483,1,239
CRC,2020/05/01,1474,1,218
CRC,2020/06/01,3105,1,211
CRC,2020/07/01,7971,1,220
CRC,2020/08/01,6704,1,231
CRC,2020/09/01,5780,1,249
CRC,2020/10/01,9497,1,279
CRC,2020/11/01,6748,1,284
CRC,2020/12/01,5688,1,229
CRC,2021/01/01,9143,1,312
CRC,2021/02/01,7190,1,337
CRC,2021/03/01,6227,1,345
CRP,2017/09/01,22043,3,955
CRP,2017/10/01,55980,3,956
CRP,2017/11/01,70595,3,952
CRP,2017/12/01,14597,3,787
CRP,2018/01/01,39379,3,980
CRP,2018/02/01,36227,4,983
CRP,2018/03/01,48507,5,979
CRP,2018/04/01,55705,5,982
CRP,2018/05/01,142644,6,983
CRP,2018/06/01,103797,6,974
CRP,2018/07/01,67481,6,978
CRP,2018/08/01,115809,6,977
CRP,2018/09/01,94961,6,971
CRP,2018/10/01,118379,6,974
CRP,2018/11/01,139723,6,974
CRP,2018/12/01,25084,6,811
CRP,2019/01/01,140664,6,985
CRP,2019/02/01,118922,6,989
CRP,2019/03/01,57919,6,977
CRP,2019/04/01,128105,6,989
CRP,2019/05/01,199475,6,993
CRP,2019/06/01,64104,6,978
CRP,2019/07/01,115373,6,985
CRP,2019/08/01,90425,6,983
CRP,2019/09/01,59293,6,982
CRP,2019/10/01,91927,6,980
CRP,2019/11/01,101052,6,980
CRP,2019/12/01,21586,6,823
CRP,2020/01/01,97191,6,1003
CRP,2020/02/01,100066,6,1016
CRP,2020/03/01,54592,6,1015
CRP,2020/05/01,6742,5,999
CRP,2020/06/01,31417,6,988
CRP,2020/07/01,51168,6,991
CRP,2020/08/01,69608,6,993
CRP,2020/09/01,42627,6,998
CRP,2020/10/01,112663,6,1000
CRP,2020/11/01,85145,6,995
CRP,2020/12/01,26043,6,844
CRP,2021/01/01,61860,6,916
CRP,2021/02/01,106894,6,954
CRP,2021/03/01,61378,6,960
CRS,2018/01/01,2718,1,158
CRS,2018/02/01,3178,1,164
CRS,2018/03/01,3946,1,163
CRS,2018/04/01,3902,1,170
CRS,2018/05/01,4407,1,169
CRS,2018/06/01,2200,1,168
CRS,2018/07/01,3374,1,176
CRS,2018/08/01,4462,1,178
CRS,2018/09/01,4103,1,176
CRS,2018/10/01,3736,1,177
CRS,2018/11/01,5825,1,177
CRS,2018/12/01,3194,1,157
CRS,2019/01/01,10076,1,289
CRS,2019/02/01,4504,1,289
CRS,2019/03/01,4770,1,285
CRS,2019/04/01,9674,1,290
CRS,2019/05/01,11053,1,289
CRS,2019/06/01,2832,1,286
CRS,2019/07/01,8695,1,300
CRS,2019/08/01,10167,1,302
CRS,2019/09/01,8150,1,302
CRS,2019/10/01,5330,1,306
CRS,2019/11/01,9972,1,298
CRS,2019/12/01,4931,1,258
CRS,2020/01/01,19795,1,434
CRS,2020/02/01,24935,1,446
CRS,2020/03/01,20450,1,445
CRS,2020/05/01,20053,1,443
CRS,2020/06/01,14389,1,443
CRS,2020/07/01,11162,1,444
CRS,2020/08/01,19262,1,446
CRS,2020/09/01,21867,1,453
CRS,2020/10/01,19548,1,459
CRS,2020/11/01,45867,1,456
CRS,2020/12/01,18481,1,398
CRS,2021/01/01,35662,1,506
CRS,2021/02/01,41011,1,554
CRS,2021/03/01,25879,1,572
CSC,2019/02/01,20021,1,148
CSC,2019/03/01,15521,1,150
CSC,2019/04/01,14071,1,160
CSC,2019/05/01,14052,1,164
CSC,2019/06/01,5167,1,162
CSC,2019/07/01,6550,1,167
CSC,2019/08/01,5593,1,169
CSC,2019/09/01,6496,1,170
CSC,2019/10/01,8024,1,172
CSC,2019/11/01,8060,1,172
CSC,2019/12/01,3306,1,158
CSC,2020/01/01,12181,1,345
CSC,2020/02/01,10397,1,372
CSC,2020/03/01,16171,1,372
CSC,2020/04/01,53,1,372
CSC,2020/05/01,12655,1,374
CSC,2020/06/01,14552,1,372
CSC,2020/07/01,15355,1,373
CSC,2020/08/01,7951,1,374
CSC,2020/09/01,8220,1,379
CSC,2020/10/01,17508,1,382
CSC,2020/11/01,9734,1,381
CSC,2020/12/01,6283,1,336
CSC,2021/01/01,31462,1,487
CSC,2021/02/01,16550,1,523
CSC,2021/03/01,16231,1,546
CSD,2017/11/01,6653,1,392
CSD,2017/12/01,5078,1,360
CSD,2018/01/01,8678,1,464
CSD,2018/02/01,9040,1,465
CSD,2018/03/01,6906,1,467
CSD,2018/04/01,4109,1,470
CSD,2018/05/01,7087,1,473
CSD,2018/06/01,10203,1,470
CSD,2018/07/01,5350,1,473
CSD,2018/08/01,8911,1,472
CSD,2018/09/01,6625,1,477
CSD,2018/10/01,7109,1,477
CSD,2018/11/01,10830,1,473
CSD,2018/12/01,4209,1,438
CSD,2019/01/01,9782,1,564
CSD,2019/02/01,9138,1,571
CSD,2019/03/01,5300,1,566
CSD,2019/04/01,6964,1,572
CSD,2019/05/01,11641,1,567
CSD,2019/06/01,6126,1,559
CSD,2019/07/01,7733,1,562
CSD,2019/08/01,9298,1,561
CSD,2019/09/01,7658,1,564
CSD,2019/10/01,10170,1,568
CSD,2019/11/01,10445,1,558
CSD,2019/12/01,3119,1,514
CSD,2020/01/01,11262,1,644
CSD,2020/02/01,7217,1,648
CSD,2020/03/01,6795,1,641
CSD,2020/04/01,390,1,642
CSD,2020/05/01,3220,1,621
CSD,2020/06/01,6931,1,605
CSD,2020/07/01,8091,1,598
CSD,2020/08/01,9276,1,606
CSD,2020/09/01,8773,1,612
CSD,2020/10/01,15868,1,623
CSD,2020/11/01,11917,1,622
CSD,2020/12/01,4250,1,561
CSD,2021/01/01,9856,1,661
CSD,2021/02/01,7795,1,673
CSD,2021/03/01,4282,1,678
CSG,2017/09/01,53776,4,1311
CSG,2017/10/01,156662,4,1317
CSG,2017/11/01,133459,4,1319
CSG,2017/12/01,44189,4,1046
CSG,2018/01/01,148159,4,1247
CSG,2018/02/01,128016,4,1265
CSG,2018/03/01,68512,4,1250
CSG,2018/04/01,127251,4,1255
CSG,2018/05/01,159516,4,1252
CSG,2018/06/01,116461,4,1251
CSG,2018/07/01,106336,4,1259
CSG,2018/08/01,94484,4,1269
CSG,2018/09/01,64044,4,1272
CSG,2018/10/01,114945,4,1276
CSG,2018/11/01,118090,3,1276
CSG,2018/12/01,79028,3,1068
CSG,2019/01/01,119257,3,1295
CSG,2019/02/01,15327,4,1314
CSG,2019/03/01,11339,3,1312
CSG,2019/04/01,17581,4,1316
CSG,2019/05/01,25612,3,1311
CSG,2019/06/01,13565,3,1295
CSG,2019/07/01,21064,3,1307
CSG,2019/08/01,19868,3,1311
CSG,2019/09/01,15861,3,1313
CSG,2019/10/01,25971,3,1318
CSG,2019/11/01,29132,3,1316
CSG,2019/12/01,9597,3,1014
CSG,2020/01/01,25939,3,1194
CSG,2020/02/01,17771,3,1201
CSG,2020/03/01,22447,3,1195
CSG,2020/05/01,7649,3,1169
CSG,2020/06/01,15773,3,1137
CSG,2020/07/01,24888,4,1133
CSG,2020/08/01,19865,4,1138
CSG,2020/09/01,26364,4,1143
CSG,2020/10/01,47371,5,1161
CSG,2020/11/01,65110,5,1165
CSG,2020/12/01,99309,5,1001
CSG,2021/01/01,55187,5,1101
CSG,2021/02/01,79460,5,1136
CSG,2021/03/01,46893,5,1146
CSL,2018/01/01,967,1,174
CSL,2018/02/01,5728,1,203
CSL,2018/03/01,3684,1,213
CSL,2018/04/01,3877,1,218
CSL,2018/05/01,4561,1,222
CSL,2018/06/01,5106,1,219
CSL,2018/07/01,3150,1,223
CSL,2018/08/01,3684,1,229
CSL,2018/09/01,5238,1,236
CSL,2018/10/01,7360,1,244
CSL,2018/11/01,6411,1,243
CSL,2018/12/01,3670,1,216
CSL,2019/01/01,8950,1,390
CSL,2019/02/01,6979,1,415
CSL,2019/03/01,5550,1,416
CSL,2019/04/01,7027,1,414
CSL,2019/05/01,7918,1,415
CSL,2019/06/01,4909,1,413
CSL,2019/07/01,6177,1,426
CSL,2019/08/01,6256,1,432
CSL,2019/09/01,6710,1,431
CSL,2019/10/01,9143,1,434
CSL,2019/11/01,10176,1,417
CSL,2019/12/01,2726,1,360
CSL,2020/01/01,7325,1,470
CSL,2020/02/01,7956,1,455
CSL,2020/03/01,3992,1,447
CSL,2020/05/01,381,1,430
CSL,2020/06/01,1756,1,414
CSL,2020/07/01,4467,1,410
CSL,2020/08/01,4355,1,411
CSL,2020/09/01,7085,1,388
CSL,2020/10/01,4217,1,397
CSL,2020/11/01,16862,1,397
CSL,2020/12/01,5612,1,339
CSL,2021/01/01,5253,1,457
CSL,2021/02/01,4899,1,489
CSL,2021/03/01,3424,1,506
CSN,2017/11/01,7489,2,202
CSN,2017/12/01,4725,2,183
CSN,2018/01/01,19086,2,364
CSN,2018/02/01,13601,2,376
CSN,2018/03/01,9239,2,374
CSN,2018/04/01,6991,2,383
CSN,2018/05/01,18918,2,380
CSN,2018/06/01,8554,2,371
CSN,2018/07/01,6920,2,377
CSN,2018/08/01,13288,2,379
CSN,2018/09/01,10978,2,377
CSN,2018/10/01,12923,2,383
CSN,2018/11/01,20245,2,383
CSN,2018/12/01,4661,2,335
CSN,2019/01/01,22198,2,463
CSN,2019/02/01,20049,2,467
CSN,2019/03/01,16487,2,470
CSN,2019/04/01,16754,2,482
CSN,2019/05/01,29252,2,481
CSN,2019/06/01,26637,2,463
CSN,2019/07/01,26006,2,472
CSN,2019/08/01,21718,3,465
CSN,2019/09/01,28167,3,466
CSN,2019/10/01,41262,3,471
CSN,2019/11/01,44803,3,466
CSN,2019/12/01,29206,3,406
CSN,2020/01/01,49996,3,524
CSN,2020/02/01,46436,3,527
CSN,2020/03/01,60255,3,524
CSN,2020/04/01,17,1,523
CSN,2020/05/01,4948,3,514
CSN,2020/06/01,14619,3,485
CSN,2020/07/01,23535,3,476
CSN,2020/08/01,29721,3,475
CSN,2020/09/01,31706,3,473
CSN,2020/10/01,28277,3,477
CSN,2020/11/01,26576,3,481
CSN,2020/12/01,37880,3,440
CSN,2021/01/01,30816,3,518
CSN,2021/02/01,38417,3,523
CSN,2021/03/01,30152,3,524
CSR,2017/10/01,12449,2,451
CSR,2017/11/01,40366,2,456
CSR,2017/12/01,18587,2,405
CSR,2018/01/01,27112,2,576
CSR,2018/02/01,25125,3,582
CSR,2018/03/01,43008,3,584
CSR,2018/04/01,19402,3,591
CSR,2018/05/01,31860,3,588
CSR,2018/06/01,29691,3,582
CSR,2018/07/01,21696,3,589
CSR,2018/08/01,28625,3,592
CSR,2018/09/01,32847,3,591
CSR,2018/10/01,34635,3,601
CSR,2018/11/01,44182,3,604
CSR,2018/12/01,37091,3,532
CSR,2019/01/01,45952,3,680
CSR,2019/02/01,40985,3,685
CSR,2019/03/01,33479,3,677
CSR,2019/04/01,27556,3,677
CSR,2019/05/01,30038,3,682
CSR,2019/06/01,19346,3,663
CSR,2019/07/01,22758,3,672
CSR,2019/08/01,30591,3,663
CSR,2019/09/01,16899,3,667
CSR,2019/10/01,30906,3,668
CSR,2019/11/01,29332,3,658
CSR,2019/12/01,12328,3,578
CSR,2020/01/01,23015,3,634
CSR,2020/02/01,25980,3,639
CSR,2020/03/01,17724,3,627
CSR,2020/04/01,719,2,624
CSR,2020/05/01,9087,3,591
CSR,2020/06/01,34086,3,563
CSR,2020/07/01,22152,3,564
CSR,2020/08/01,22257,3,563
CSR,2020/09/01,18962,3,578
CSR,2020/10/01,25812,3,605
CSR,2020/11/01,23293,3,607
CSR,2020/12/01,29146,3,537
CSR,2021/01/01,24967,3,654
CSR,2021/02/01,33746,3,673
CSR,2021/03/01,19396,3,689
CSV,2017/09/01,7241,1,1171
CSV,2017/10/01,19453,1,1171
CSV,2017/11/01,20343,1,1170
CSV,2017/12/01,6034,1,897
CSV,2018/01/01,26531,1,1276
CSV,2018/02/01,17827,1,1283
CSV,2018/03/01,20648,1,1282
CSV,2018/04/01,15323,1,1284
CSV,2018/05/01,27237,1,1285
CSV,2018/06/01,20588,1,1276
CSV,2018/07/01,9891,1,1289
CSV,2018/08/01,22266,1,1290
CSV,2018/09/01,13418,1,1288
CSV,2018/10/01,14838,1,1285
CSV,2018/11/01,22075,1,1287
CSV,2018/12/01,10682,1,1066
CSV,2019/01/01,12656,1,1416
CSV,2019/02/01,15386,1,1433
CSV,2019/03/01,9436,1,1426
CSV,2019/04/01,15444,1,1434
CSV,2019/05/01,21155,1,1438
CSV,2019/06/01,12887,1,1437
CSV,2019/07/01,24193,1,1447
CSV,2019/08/01,17343,1,1447
CSV,2019/09/01,86297,3,1447
CSV,2019/10/01,157109,3,1447
CSV,2019/11/01,118363,3,1447
CSV,2019/12/01,9951,3,1293
CSV,2020/01/01,151947,3,1543
CSV,2020/02/01,203738,3,1529
CSV,2020/03/01,123926,3,1526
CSV,2020/04/01,2320,3,1527
CSV,2020/05/01,12298,3,1512
CSV,2020/06/01,120317,3,1515
CSV,2020/07/01,175033,3,1512
CSV,2020/08/01,154063,3,1519
CSV,2020/09/01,145931,3,1525
CSV,2020/10/01,184900,3,1531
CSV,2020/11/01,183132,3,1533
CSV,2020/12/01,61819,3,1245
CSV,2021/01/01,58691,1,1523
CSV,2021/02/01,165129,2,1613
CSV,2021/03/01,101397,3,1622
CTB,2020/01/01,4735,1,66
CTB,2020/02/01,2221,1,65
CTB,2020/03/01,2249,1,67
CTB,2020/05/01,1541,1,56
CTB,2020/06/01,3149,1,51
CTB,2020/07/01,2912,1,50
CTB,2020/08/01,4720,1,49
CTB,2020/09/01,3281,1,53
CTB,2020/10/01,3612,1,54
CTB,2020/11/01,12681,1,54
CTB,2020/12/01,6958,1,51
CTB,2021/01/01,13503,2,122
CTB,2021/02/01,9787,2,141
CTB,2021/03/01,8143,2,148
CTF,2017/10/01,96610,4,2558
CTF,2017/11/01,130330,4,2555
CTF,2017/12/01,19047,4,2109
CTF,2018/01/01,128276,4,2509
CTF,2018/02/01,119273,4,2520
CTF,2018/03/01,105175,4,2513
CTF,2018/04/01,84761,4,2506
CTF,2018/05/01,149736,4,2499
CTF,2018/06/01,64234,4,2471
CTF,2018/07/01,41665,4,2477
CTF,2018/08/01,62794,4,2473
CTF,2018/09/01,48324,5,2480
CTF,2018/10/01,124212,4,2485
CTF,2018/11/01,159229,4,2482
CTF,2018/12/01,48045,4,2062
CTF,2019/01/01,144094,6,2265
CTF,2019/02/01,131305,4,2270
CTF,2019/03/01,101520,4,2267
CTF,2019/04/01,129689,4,2268
CTF,2019/05/01,167651,4,2277
CTF,2019/06/01,75307,4,2267
CTF,2019/07/01,124689,4,2268
CTF,2019/08/01,184508,4,2276
CTF,2019/09/01,110736,4,2287
CTF,2019/10/01,131761,4,2293
CTF,2019/11/01,146943,4,2293
CTF,2019/12/01,22924,4,1701
CTF,2020/01/01,189312,4,2067
CTF,2020/02/01,204948,4,2089
CTF,2020/03/01,94585,4,2075
CTF,2020/04/01,726,2,2068
CTF,2020/05/01,10248,4,2046
CTF,2020/06/01,111672,4,2016
CTF,2020/07/01,150104,4,1981
CTF,2020/08/01,165159,4,1991
CTF,2020/09/01,117735,4,2004
CTF,2020/10/01,189565,4,2023
CTF,2020/11/01,166647,4,2028
CTF,2020/12/01,55036,4,1759
CTF,2021/01/01,115008,4,1981
CTF,2021/02/01,196141,4,2055
CTF,2021/03/01,92381,4,2067
CVB,2019/02/01,9574,1,283
CVB,2019/03/01,8460,1,283
CVB,2019/04/01,15552,1,293
CVB,2019/05/01,19462,1,294
CVB,2019/06/01,7773,1,291
CVB,2019/07/01,19073,1,303
CVB,2019/08/01,25696,1,304
CVB,2019/09/01,15409,1,303
CVB,2019/10/01,30493,1,302
CVB,2019/11/01,21922,1,302
CVB,2019/12/01,13661,1,284
CVB,2020/01/01,29539,1,458
CVB,2020/02/01,20708,1,462
CVB,2020/03/01,20053,1,460
CVB,2020/05/01,4688,1,463
CVB,2020/06/01,16569,1,464
CVB,2020/07/01,22194,1,471
CVB,2020/08/01,18255,1,473
CVB,2020/09/01,28600,1,474
CVB,2020/10/01,35337,1,477
CVB,2020/11/01,27225,1,476
CVB,2020/12/01,16699,1,423
CVB,2021/01/01,43742,1,584
CVB,2021/02/01,35177,1,589
CVB,2021/03/01,24116,1,588
CWB,2018/06/01,6273,1,388
CWB,2018/07/01,10133,1,392
CWB,2018/08/01,9543,1,398
CWB,2018/09/01,14730,1,399
CWB,2018/10/01,13345,1,401
CWB,2018/11/01,12676,1,401
CWB,2018/12/01,8995,1,347
CWB,2019/01/01,16630,1,447
CWB,2019/02/01,11416,1,451
CWB,2019/03/01,4333,2,452
CWB,2019/04/01,10363,1,456
CWB,2019/05/01,16172,1,462
CWB,2019/06/01,11645,1,456
CWB,2019/07/01,14834,1,455
CWB,2019/08/01,12674,1,455
CWB,2019/09/01,12520,1,461
CWB,2019/10/01,14237,1,471
CWB,2019/11/01,20654,1,466
CWB,2019/12/01,7863,1,413
CWB,2020/01/01,22481,2,490
CWB,2020/02/01,23717,1,493
CWB,2020/03/01,15403,1,490
CWB,2020/04/01,18,1,486
CWB,2020/05/01,4801,1,466
CWB,2020/06/01,12378,1,452
CWB,2020/07/01,20119,3,447
CWB,2020/08/01,27208,3,453
CWB,2020/09/01,55290,3,464
CWB,2020/10/01,48531,3,482
CWB,2020/11/01,58673,3,486
CWB,2020/12/01,23709,3,451
CWB,2021/01/01,42800,3,561
CWB,2021/02/01,63532,3,569
CWB,2021/03/01,51787,3,573
CWF,2017/10/01,6797,2,369
CWF,2017/11/01,16394,2,369
CWF,2017/12/01,12004,2,315
CWF,2018/01/01,26935,2,540
CWF,2018/02/01,24993,2,570
CWF,2018/03/01,15918,2,582
CWF,2018/04/01,11982,2,593
CWF,2018/05/01,25975,2,597
CWF,2018/06/01,20460,2,587
CWF,2018/07/01,13164,2,594
CWF,2018/08/01,27384,2,595
CWF,2018/09/01,29574,2,605
CWF,2018/10/01,27663,2,615
CWF,2018/11/01,28687,2,616
CWF,2018/12/01,11791,2,507
CWF,2019/01/01,39339,2,664
CWF,2019/02/01,33424,2,663
CWF,2019/03/01,23742,2,662
CWF,2019/04/01,25310,2,667
CWF,2019/05/01,25947,2,668
CWF,2019/06/01,27348,2,662
CWF,2019/07/01,25061,2,677
CWF,2019/08/01,33774,2,682
CWF,2019/09/01,43666,2,689
CWF,2019/10/01,36099,2,696
CWF,2019/11/01,36715,2,692
CWF,2019/12/01,11871,2,553
CWF,2020/01/01,48092,2,661
CWF,2020/02/01,41799,2,673
CWF,2020/03/01,31041,2,667
CWF,2020/04/01,3,1,659
CWF,2020/05/01,10457,2,616
CWF,2020/06/01,13388,2,585
CWF,2020/07/01,20579,2,557
CWF,2020/08/01,19026,2,547
CWF,2020/09/01,27919,2,557
CWF,2020/10/01,37363,2,573
CWF,2020/11/01,30127,2,573
CWF,2020/12/01,19176,2,498
CWF,2021/01/01,69480,2,648
CWF,2021/02/01,51607,2,683
CWF,2021/03/01,21205,2,687
CWH,2017/10/01,5751,3,1169
CWH,2017/11/01,44697,3,1173
CWH,2017/12/01,10546,3,961
CWH,2018/01/01,30777,3,1078
CWH,2018/02/01,31564,3,1082
CWH,2018/03/01,35451,3,1074
CWH,2018/04/01,31300,3,1078
CWH,2018/05/01,43661,3,1071
CWH,2018/06/01,30155,3,1048
CWH,2018/07/01,25426,3,1051
CWH,2018/08/01,41661,3,1050
CWH,2018/09/01,32308,3,1046
CWH,2018/10/01,24685,2,1052
CWH,2018/11/01,33966,2,1057
CWH,2018/12/01,6711,2,882
CWH,2019/01/01,26305,2,1014
CWH,2019/02/01,16594,3,1019
CWH,2019/03/01,12749,2,1011
CWH,2019/04/01,23303,2,1004
CWH,2019/05/01,18513,2,1005
CWH,2019/06/01,10404,2,992
CWH,2019/07/01,27572,2,1001
CWH,2019/08/01,20453,2,996
CWH,2019/09/01,19633,2,1005
CWH,2019/10/01,25110,2,1011
CWH,2019/11/01,28884,2,1012
CWH,2019/12/01,7013,2,859
CWH,2020/01/01,22347,2,1028
CWH,2020/02/01,19682,2,1041
CWH,2020/03/01,18218,2,1041
CWH,2020/04/01,140,2,1043
CWH,2020/05/01,5720,2,1033
CWH,2020/06/01,12150,2,1026
CWH,2020/07/01,18705,2,1025
CWH,2020/08/01,13449,2,1036
CWH,2020/09/01,18762,2,1053
CWH,2020/10/01,25293,2,1069
CWH,2020/11/01,42267,2,1070
CWH,2020/12/01,8944,2,951
CWH,2021/01/01,20550,2,1137
CWH,2021/02/01,23534,2,1173
CWH,2021/03/01,17993,1,1172
CWS,2017/09/01,92197,3,953
CWS,2017/10/01,104714,3,956
CWS,2017/11/01,111051,3,952
CWS,2017/12/01,28826,3,873
CWS,2018/01/01,140678,4,1682
CWS,2018/02/01,150666,4,1715
CWS,2018/03/01,94307,4,1718
CWS,2018/04/01,104535,4,1740
CWS,2018/05/01,137609,4,1740
CWS,2018/06/01,102764,4,1720
CWS,2018/07/01,87888,4,1741
CWS,2018/08/01,102940,4,1748
CWS,2018/09/01,89029,4,1744
CWS,2018/10/01,210829,5,1760
CWS,2018/11/01,179885,5,1745
CWS,2018/12/01,64494,5,1592
CWS,2019/01/01,320553,5,2149
CWS,2019/02/01,251766,5,2162
CWS,2019/03/01,119633,5,2145
CWS,2019/04/01,267143,5,2159
CWS,2019/05/01,292163,5,2174
CWS,2019/06/01,114850,5,2161
CWS,2019/07/01,265420,5,2173
CWS,2019/08/01,211407,5,2167
CWS,2019/09/01,59072,5,2161
CWS,2019/10/01,51220,5,2161
CWS,2019/11/01,55028,5,2142
CWS,2019/12/01,25412,5,1752
CWS,2020/01/01,82829,5,2446
CWS,2020/02/01,81730,5,2472
CWS,2020/03/01,55645,5,2455
CWS,2020/04/01,62,1,2451
CWS,2020/05/01,8556,5,2426
CWS,2020/06/01,92401,5,2351
CWS,2020/07/01,46592,5,2288
CWS,2020/08/01,50929,5,2280
CWS,2020/09/01,62667,5,2268
CWS,2020/10/01,74979,5,2277
CWS,2020/11/01,59347,5,2273
CWS,2020/12/01,36873,5,1953
CWS,2021/01/01,52772,5,2386
CWS,2021/02/01,129857,5,2445
CWS,2021/03/01,56728,5,2455
DDV,2018/04/01,4002,1,81
DDV,2018/05/01,6420,1,92
DDV,2018/06/01,4766,1,99
DDV,2018/07/01,4512,1,111
DDV,2018/08/01,9897,1,120
DDV,2018/09/01,19216,1,122
DDV,2018/10/01,17855,1,126
DDV,2018/11/01,15286,1,122
DDV,2018/12/01,4059,1,85
DDV,2019/01/01,10038,1,129
DDV,2019/02/01,11054,1,135
DDV,2019/03/01,7158,1,135
DDV,2019/04/01,13036,1,146
DDV,2019/05/01,18434,1,151
DDV,2019/06/01,8647,1,150
DDV,2019/07/01,16397,1,161
DDV,2019/08/01,17911,1,166
DDV,2019/09/01,7383,1,170
DDV,2019/10/01,9893,1,174
DDV,2019/11/01,9765,1,174
DDV,2019/12/01,3284,1,148
DDV,2020/01/01,13094,1,203
DDV,2020/02/01,7544,1,205
DDV,2020/03/01,6565,1,205
DDV,2020/04/01,156,1,211
DDV,2020/05/01,3468,1,211
DDV,2020/06/01,8159,1,207
DDV,2020/07/01,8615,1,214
DDV,2020/08/01,6433,1,216
DDV,2020/09/01,8288,1,217
DDV,2020/10/01,10883,1,218
DDV,2020/11/01,9542,1,219
DDV,2020/12/01,4101,1,187
DDV,2021/01/01,7528,1,210
DDV,2021/02/01,10035,1,212
DDV,2021/03/01,7663,1,215
GRL,2017/10/01,76812,2,738
GRL,2017/11/01,99058,2,736
GRL,2017/12/01,9125,2,603
GRL,2018/01/01,90293,2,720
GRL,2018/02/01,88177,2,719
GRL,2018/03/01,78180,2,711
GRL,2018/04/01,70437,2,709
GRL,2018/05/01,97691,2,708
GRL,2018/06/01,63216,2,700
GRL,2018/07/01,73316,2,705
GRL,2018/08/01,88652,2,699
GRL,2018/09/01,55404,2,698
GRL,2018/10/01,92145,2,695
GRL,2018/11/01,105423,2,695
GRL,2018/12/01,42491,2,597
GRL,2019/01/01,112022,2,731
GRL,2019/02/01,82963,2,729
GRL,2019/03/01,47697,2,731
GRL,2019/04/01,124879,2,733
GRL,2019/05/01,103858,2,733
GRL,2019/06/01,40879,2,720
GRL,2019/07/01,99896,2,729
GRL,2019/08/01,93868,2,729
GRL,2019/09/01,85419,2,722
GRL,2019/10/01,109619,2,723
GRL,2019/11/01,92013,2,721
Hig,2017/09/01,2806,1,0
Hig,2017/10/01,37311,1,0
Hig,2017/11/01,82271,1,0
Hig,2017/12/01,7090,1,0
Hig,2018/01/01,58357,1,0
Hig,2018/02/01,49450,1,0
Hig,2018/03/01,59108,1,0
Hig,2018/04/01,57336,1,0
Hig,2018/05/01,100784,1,0
Hig,2018/06/01,62602,1,0
Hig,2018/07/01,1009,1,0
Hig,2021/01/01,21021,1,0
Hig,2021/02/01,40102,1,0
Hig,2021/03/01,23265,1,0
IKO,2019/01/01,36892,1,0
IKO,2019/02/01,55286,1,0
IKO,2019/03/01,26683,1,0
IKO,2019/04/01,63024,1,0
IKO,2019/05/01,65262,1,0
IKO,2019/06/01,13209,1,0
IKO,2019/07/01,55118,1,0
IKO,2019/08/01,55341,1,0
IKO,2019/09/01,45715,1,0
IKO,2019/10/01,63005,1,0
IKO,2019/11/01,49875,1,0
IKO,2019/12/01,24151,1,0
IKO,2020/01/01,87959,1,0
IKO,2020/02/01,60622,1,0
IKO,2020/03/01,47211,1,0
IKO,2020/05/01,3528,1,0
IKO,2020/06/01,63708,1,0
IKO,2020/07/01,84216,1,0
IKO,2020/08/01,84733,1,0
IKO,2020/09/01,73328,1,0
IKO,2020/10/01,143301,1,0
IKO,2020/11/01,78582,1,0
IKO,2020/12/01,17342,1,0
IKO,2021/01/01,71362,1,0
IKO,2021/02/01,121727,1,0
IKO,2021/03/01,88486,1,0
MCO,2017/10/01,661,1,1429
MCO,2017/11/01,9017,2,1428
MCO,2017/12/01,15409,2,1039
MCO,2018/01/01,82322,2,1362
MCO,2018/02/01,89199,2,1408
MCO,2018/03/01,79275,2,1407
MCO,2018/04/01,63705,2,1399
MCO,2018/05/01,83233,2,1405
MCO,2018/06/01,88938,2,1403
MCO,2018/07/01,50950,2,1401
MCO,2018/08/01,71133,2,1397
MCO,2018/09/01,60491,2,1398
MCO,2018/10/01,50696,2,1401
MCO,2018/11/01,58715,2,1402
MCO,2018/12/01,8969,2,1083
MCO,2019/01/01,40708,2,1366
MCO,2019/02/01,108834,2,1380
MCO,2019/03/01,45681,2,1375
MCO,2019/04/01,94943,2,1379
MCO,2019/05/01,128805,2,1375
MCO,2019/06/01,60522,2,1365
MCO,2019/07/01,82757,2,1368
MCO,2019/08/01,89034,2,1366
MCO,2019/09/01,51218,2,1364
MCO,2019/10/01,87964,2,1374
MCO,2019/11/01,89805,2,1375
MCO,2019/12/01,22495,2,1144
MCO,2020/01/01,104157,2,1418
MCO,2020/02/01,115748,2,1451
MCO,2020/03/01,66466,2,1452
MCO,2020/04/01,486,2,1457
MCO,2020/05/01,6685,2,1451
MCO,2020/06/01,35321,2,1446
MCO,2020/07/01,107748,2,1440
MCO,2020/08/01,71142,2,1444
MCO,2020/09/01,63439,2,1448
MCO,2020/10/01,160917,2,1450
MCO,2020/11/01,80828,2,1453
MCO,2020/12/01,35781,2,1207
MCO,2021/01/01,107263,2,1362
MCO,2021/02/01,114136,2,1466
MCO,2021/03/01,87659,2,1475
MKA,2017/10/01,11261,1,684
MKA,2017/11/01,26511,1,684
MKA,2017/12/01,10485,1,510
MKA,2018/01/01,28916,1,780
MKA,2018/02/01,42506,2,803
MKA,2018/03/01,99350,2,808
MKA,2018/04/01,80348,2,812
MKA,2018/05/01,152513,2,811
MKA,2018/06/01,91626,2,807
MKA,2018/07/01,48247,2,804
MKA,2018/08/01,111839,2,801
MKA,2018/09/01,80980,2,800
MKA,2018/10/01,126376,2,802
MKA,2018/11/01,101164,2,802
MKA,2018/12/01,13293,2,621
MKA,2019/02/01,87803,2,812
MKA,2019/03/01,68353,2,815
MKA,2019/04/01,134675,2,817
MKA,2019/05/01,144823,2,824
MKA,2019/06/01,66884,2,824
MKA,2019/07/01,79473,2,829
MKA,2019/08/01,103063,2,828
MKA,2019/09/01,73178,2,825
MKA,2019/10/01,122122,2,826
MKA,2019/11/01,113369,2,826
MKA,2019/12/01,15194,2,696
MKA,2020/01/01,62564,2,896
MKA,2020/02/01,103443,2,897
MKA,2020/03/01,94404,2,905
MKA,2020/04/01,247,1,899
MKA,2020/05/01,17771,2,897
MKA,2020/06/01,124116,2,893
MKA,2020/07/01,129580,2,877
MKA,2020/08/01,116499,2,873
MKA,2020/09/01,129309,2,884
MKA,2020/10/01,101687,2,887
MKA,2020/11/01,154653,2,882
MKA,2020/12/01,22242,2,790
MKA,2021/01/01,74713,2,907
MKA,2021/02/01,139313,2,947
MKA,2021/03/01,96990,2,967
MKU,2017/09/01,32274,1,614
MKU,2017/10/01,38580,1,614
MKU,2017/11/01,65520,1,614
MKU,2017/12/01,22987,1,452
MKU,2018/01/01,45399,1,861
MKU,2018/02/01,66569,1,884
MKU,2018/03/01,73037,1,891
MKU,2018/04/01,48233,1,891
MKU,2018/05/01,104200,1,889
MKU,2018/06/01,77477,1,883
MKU,2018/07/01,41938,1,883
MKU,2018/08/01,80520,1,882
MKU,2018/09/01,73054,1,881
MKU,2018/10/01,92779,1,881
MKU,2018/11/01,92137,1,878
MKU,2018/12/01,18086,1,714
MKU,2019/01/01,82766,1,1118
MKU,2019/02/01,124165,1,1123
MKU,2019/03/01,34475,1,1117
MKU,2019/04/01,74978,1,1125
MKU,2019/05/01,137646,1,1127
MKU,2019/06/01,44239,1,1122
MKU,2019/07/01,71370,1,1118
MKU,2019/08/01,78963,1,1122
MKU,2019/09/01,32413,2,1123
MKU,2019/10/01,94680,2,1124
MKU,2019/11/01,70424,1,1124
MKU,2019/12/01,11733,1,889
MKU,2020/01/01,66615,1,1414
MKU,2020/02/01,112606,1,1423
MKU,2020/03/01,81165,2,1422
MKU,2020/04/01,283,2,1422
MKU,2020/05/01,25897,2,1420
MKU,2020/06/01,51813,2,1416
MKU,2020/07/01,68483,2,1408
MKU,2020/08/01,87356,3,1408
MKU,2020/09/01,75639,3,1400
MKU,2020/10/01,100116,3,1393
MKU,2020/11/01,119501,3,1394
MKU,2020/12/01,31761,3,1173
MKU,2021/01/01,40202,3,1532
MKU,2021/02/01,164312,3,1656
MKU,2021/03/01,113062,3,1676
MNA,2020/11/01,1904,1,3692
MNA,2020/12/01,4410,1,3155
MNA,2021/01/01,12025,1,3416
MNA,2021/02/01,16704,1,3641
MNA,2021/03/01,14116,1,3656
MNC,2017/09/01,473572,1,450
MNC,2017/10/01,48780,1,450
MNC,2017/11/01,62458,1,450
MNC,2017/12/01,8945,1,349
MNC,2018/01/01,55082,1,458
MNC,2018/02/01,48660,1,443
MNC,2018/03/01,59096,1,442
MNC,2018/04/01,46576,1,441
MNC,2018/05/01,58943,1,439
MNC,2018/06/01,36247,1,437
MNC,2018/07/01,20539,1,436
MNC,2018/08/01,35042,1,436
MNC,2018/09/01,29404,1,436
MNC,2018/10/01,32209,2,435
MNC,2018/11/01,48547,1,435
MNC,2018/12/01,8551,1,338
MNC,2019/01/01,39507,1,387
MNC,2019/02/01,17957,1,387
MNC,2019/03/01,10537,1,384
MNC,2019/04/01,28099,1,384
MNC,2019/05/01,57901,1,383
MNC,2019/06/01,31029,1,383
MNC,2019/07/01,11612,1,380
MNC,2019/08/01,58529,2,384
MNC,2019/09/01,30921,2,384
MNC,2019/10/01,60301,2,384
MNC,2019/11/01,35332,2,384
MNC,2019/12/01,8460,2,337
MNC,2020/01/01,49194,2,413
MNC,2020/02/01,45618,2,417
MNC,2020/03/01,28211,2,416
MNC,2020/04/01,660,2,418
MNC,2020/05/01,3676,2,419
MNC,2020/06/01,38799,2,415
MNC,2020/07/01,46740,2,413
MNC,2020/08/01,41750,2,416
MNC,2020/09/01,53611,2,416
MNC,2020/10/01,65364,2,415
MNC,2020/11/01,49287,2,415
MNC,2020/12/01,5345,2,349
MNC,2021/01/01,25048,2,379
MNC,2021/02/01,48934,2,380
MNC,2021/03/01,38641,2,379
MPH,2017/09/01,99352,2,1648
MPH,2017/10/01,94955,2,1651
MPH,2017/11/01,131169,2,1657
MPH,2017/12/01,49960,2,1428
MPH,2018/01/01,64863,2,1717
MPH,2018/02/01,86816,2,1711
MPH,2018/03/01,62751,2,1694
MPH,2018/04/01,42702,2,1706
MPH,2018/05/01,65703,2,1709
MPH,2018/06/01,66584,2,1703
MPH,2018/07/01,36724,2,1703
MPH,2018/08/01,66162,2,1703
MPH,2018/09/01,65580,2,1700
MPH,2018/10/01,57243,2,1707
MPH,2018/11/01,77609,2,1710
MPH,2018/12/01,38160,2,1419
MPH,2019/01/01,90306,2,1739
MPH,2019/02/01,57938,2,1761
MPH,2019/03/01,31530,2,1752
MPH,2019/04/01,71717,2,1764
MPH,2019/05/01,94161,2,1766
MPH,2019/06/01,34313,2,1747
MPH,2019/07/01,58645,2,1758
MPH,2019/08/01,70065,2,1759
MPH,2019/09/01,69522,3,1758
MPH,2019/10/01,83475,2,1773
MPH,2019/11/01,93756,2,1770
MPH,2019/12/01,31911,2,1528
MPH,2020/01/01,83357,2,1858
MPH,2020/02/01,107387,2,1881
MPH,2020/03/01,55629,2,1871
MPH,2020/04/01,2704,1,1883
MPH,2020/05/01,11795,2,1863
MPH,2020/06/01,32611,2,1828
MPH,2020/07/01,69121,2,1816
MPH,2020/08/01,101954,2,1822
MPH,2020/09/01,62747,2,1827
MPH,2020/10/01,82815,2,1843
MPH,2020/11/01,106062,2,1848
MPH,2020/12/01,71393,2,1576
MPH,2021/01/01,63028,2,1965
MPH,2021/02/01,91242,2,2004
MPH,2021/03/01,91082,2,2019
MRU,2018/02/01,53770,1,1113
MRU,2018/03/01,49058,1,1107
MRU,2018/04/01,43988,1,1110
MRU,2018/05/01,68870,1,1109
MRU,2018/06/01,36256,1,1110
MRU,2018/07/01,35596,1,1110
MRU,2018/08/01,58128,1,1105
MRU,2018/09/01,47521,1,1109
MRU,2018/10/01,64915,1,1110
MRU,2018/11/01,57258,1,1109
MRU,2018/12/01,17897,1,869
MRU,2019/01/01,64857,1,1144
MRU,2019/02/01,50658,1,1156
MRU,2019/03/01,16158,1,1152
MRU,2019/04/01,71330,1,1154
MRU,2019/05/01,77427,1,1155
MRU,2019/06/01,37375,1,1148
MRU,2019/07/01,64982,1,1154
MRU,2019/08/01,37974,1,1159
MRU,2019/09/01,49244,1,1156
MRU,2019/10/01,61698,1,1154
MRU,2019/11/01,49426,1,1153
MRU,2019/12/01,2366,1,977
MRU,2020/01/01,71633,1,1153
MRU,2020/02/01,74252,1,1170
MRU,2020/03/01,50204,1,1166
MRU,2020/06/01,63760,1,1168
MRU,2020/07/01,48301,1,1169
MRU,2020/08/01,46107,1,1166
MRU,2020/09/01,86581,1,1174
MRU,2020/10/01,49272,1,1172
MRU,2020/11/01,64949,1,1173
MRU,2020/12/01,45613,1,1031
MRU,2021/01/01,85405,1,1234
MRU,2021/02/01,32482,1,1261
MRU,2021/03/01,38228,1,1272
Nel,2016/11/01,1293,1,0
Nel,2016/12/01,7455,1,0
Nel,2017/09/01,1520,1,0
Nel,2017/10/01,31203,1,0
Nel,2017/11/01,86380,1,0
Nel,2017/12/01,27845,1,0
Pri,2017/08/01,36748,1,0
Pri,2017/09/01,67617,1,0
Pri,2017/10/01,85248,2,0
Pri,2017/11/01,124419,2,0
Pri,2017/12/01,22629,2,0
Pri,2018/01/01,82458,2,0
Pri,2018/02/01,98717,2,0
Pri,2018/03/01,100265,2,0
Pri,2018/04/01,111015,2,0
Pri,2018/05/01,22906,2,0
Pri,2018/06/01,3721,1,0
Pri,2020/02/01,259,1,0
Pri,2020/03/01,1046,1,0
Pri,2020/05/01,1162,1,0
Pri,2020/06/01,2688,1,0
Pri,2020/07/01,6400,1,0
Pri,2020/08/01,1187,1,0
Pri,2020/09/01,2514,1,0
Pri,2020/10/01,2169,1,0
Pri,2020/11/01,1083,1,0
Pri,2020/12/01,594,1,0
Pri,2021/01/01,15633,1,0
Pri,2021/02/01,12088,1,0
Pri,2021/03/01,769,1,0
Tea,2017/09/01,11453,1,0
Tea,2017/10/01,8014,1,0
Tea,2017/11/01,956,1,0
Tea,2017/12/01,553,1,0
Tea,2018/01/01,622,1,0
Tea,2018/02/01,472,1,0
Tea,2018/03/01,1764,1,0
Tea,2018/04/01,92,1,0
WAT,2017/10/01,3111,1,1884
WAT,2017/11/01,9988,1,1884
WAT,2017/12/01,4203,1,1696
WAT,2018/01/01,5681,1,2048
WAT,2018/02/01,12110,1,2051
WAT,2018/03/01,5601,1,2044
WAT,2018/04/01,5165,1,2033
WAT,2018/05/01,9610,1,2031
WAT,2018/06/01,5872,1,2024
WAT,2018/07/01,2910,1,2026
WAT,2018/08/01,6432,1,2030
WAT,2018/09/01,3870,1,2024
WAT,2018/10/01,4071,1,2024
WAT,2018/11/01,9454,1,2022
WAT,2018/12/01,5056,1,1754
WAT,2019/01/01,5808,1,2031
WAT,2019/02/01,4796,1,2051
WAT,2019/03/01,5921,1,2044
WAT,2019/04/01,9294,1,2037
WAT,2019/05/01,6081,1,2036
WAT,2019/06/01,4807,1,2023
WAT,2019/07/01,3548,1,2027
WAT,2019/08/01,8083,1,2031
WAT,2019/09/01,6063,1,2027
WAT,2019/10/01,71,1,2023
WAT,2021/02/01,49374,3,1734
WAT,2021/03/01,88136,3,1738
